stock_code,company_name,substance_score_rf,hype_score_rf,rnd_score_rf,hype_index_rf,score_listing_years,score_log_psr,score_rd,score_financing,score_impairment,score_rd_absence_3y,score_rd_to_assets_rank_gap,score_rd_sales_growth_mismatch,score_rd_pipeline_disclosure_absence,score_rd_milestone_correction_ratio
000020,동화약품,0.055617905843628815,0.08430603210191798,0.4893835434332021,0.048621765941820556,1.0,0.0,0.254,0.0,0.0,0.0,0.4885844748858448,0.3843637516243905,1.0,0.0
000100,유한양행,0.15399903801735534,0.4241413946223522,0.2831449285826036,0.24908007150931677,1.0,0.4257146064150079,0.5435,0.3333333333333333,0.0,0.0,0.27853881278538817,0.0,1.0,0.0
000220,유유제약,0.15225865084414597,0.13250801467374182,0.7153534718556535,0.11372177743903461,1.0,0.0,0.10450000000000004,0.0,0.0,0.0,0.7168949771689498,1.0,1.0,0.0
000230,일동홀딩스,0.15127545657206123,0.16914601484484523,0.49485367689025994,0.21866162493076638,1.0,0.0,0.43899999999999995,0.0,0.0,0.0,0.319634703196347,0.9565163749835286,1.0,0.0
000250,삼천당제약,0.23034306290673368,0.7335810038570078,0.4224712347805896,0.4387282819428023,1.0,0.8219846147204904,0.18599999999999994,0.6666666666666666,0.0,0.0,0.7031963470319635,0.0,0.0,0.2
000520,삼일제약,0.179832634848632,0.2339915770130309,0.5116810476568072,0.21845204788853606,1.0,0.0704338988669528,0.14800000000000002,0.0,0.0,0.0,0.6849315068493151,0.0,1.0,0.0
001060,JW중외제약,0.049155305906550886,0.16166293408754429,0.3734565720909117,0.0934811098433902,1.0,0.0,0.252,0.0,0.0,0.0,0.36073059360730597,0.0,1.0,0.0
001360,삼성제약,0.41791333442258644,0.26120835905140843,0.5590647291587377,0.3202568477227956,1.0,0.348172129896047,0.14549999999999996,0.3333333333333333,0.0,0.0,0.7671232876712328,0.5743426445641375,0.0,0.25
001540,안국약품,0.04836299156028635,0.08575969358485298,0.4365077237443834,0.051894964336597633,1.0,0.0,0.24449999999999994,0.0,0.0,0.0,0.452054794520548,0.15650421235286519,1.0,0.0
001630,종근당홀딩스,0.09424212351431838,0.06682535334968161,0.5551452045381653,0.08281126842483848,1.0,0.0,0.121,0.0,0.0,0.0,0.6986301369863014,0.1797315285844026,1.0,0.0
002210,동성제약,0.30342363190635846,0.5273535591283415,0.589311534248805,0.48036304427899074,1.0,0.4607833922268736,0.22050000000000003,0.0,0.0,0.6666666666666667,0.9429223744292238,0.0,1.0,0.0
002390,한독,0.12611311912664677,0.11721764444919272,0.4970373503084945,0.09226443977592116,1.0,0.0,0.22299999999999998,0.0,0.0,0.0,0.5844748858447488,0.3625489276290034,0.6666666666666667,0.0
002630,오리엔트바이오,0.2346735033072808,0.49881643559096633,0.4586036565635796,0.44653537040499125,1.0,0.5526121915893143,0.34750000000000003,0.3333333333333333,0.0,0.0,0.6529680365296804,0.0,1.0,0.0
002720,국제약품,0.17453991272578515,0.14074577179472528,0.7244400747145083,0.11866736787061077,1.0,0.0,0.05800000000000005,0.3333333333333333,0.0,0.0,0.7442922374429224,0.9429018070518557,1.0,0.0
002800,신신제약,0.07983064448204792,0.16111045945580754,0.6016666523508214,0.10731698287286667,0.6133333333333333,0.0,0.022499999999999964,0.0,0.0,0.0,0.8675799086757991,0.12959663625654227,0.0,0.0
003000,부광약품,0.10274637104372666,0.30709861339758243,0.44994583874455585,0.14465365032565375,1.0,0.3057424314031006,0.732,0.3333333333333333,0.0,0.0,0.34246575342465757,1.0,1.0,0.0
003060,에이프로젠바이오로직스,0.40525290958873383,0.21007498749485337,0.29139779986305636,0.33850258042383885,1.0,0.1950185934169473,1.0,1.0,0.0,0.0,0.5662100456621004,0.0,1.0,0.0
003090,대웅,0.09050287563388172,0.1010172893371767,0.3441031761676798,0.08693128316373873,1.0,0.0,0.4545,0.6666666666666666,0.0,0.0,0.32420091324200917,0.14193787491446663,1.0,0.0
003120,일성아이에스,0.13354224616729843,0.14077068987778837,0.7126009092629284,0.13063395957141752,1.0,0.1251596159643757,0.025499999999999967,0.3333333333333333,0.0,0.0,0.8858447488584476,0.5633581060436335,1.0,0.0
003220,대원제약,0.08511940337497569,0.08045891006828462,0.43533872498767634,0.06049735218823953,1.0,0.0,0.1835,0.3333333333333333,0.0,0.0,0.4931506849315068,0.0,1.0,0.0
003520,영진약품,0.13406083356620171,0.2782308656147328,0.43232946542549994,0.14798800059630898,1.0,0.1077381437874943,0.22999999999999998,0.0,0.036,0.0,0.410958904109589,0.19785783861527684,1.0,0.0
003850,보령,0.17246595787020377,0.11669477384349712,0.4374881746709785,0.12318649538894014,1.0,0.0,0.253,0.3333333333333333,0.0,0.0,0.4429223744292238,0.18946335634132994,1.0,0.0
004000,롯데정밀화학,0.021704438113201798,0.1032060622255573,0.5725994334065766,0.06320674756436735,1.0,0.0,0.0605,0.0,0.0,0.0,0.8036529680365296,0.0,1.0,0.0
004310,현대약품,0.1219155968022636,0.1786238301282242,0.28093179693598547,0.2126537362360943,1.0,0.0,0.43600000000000005,0.0,0.0,0.0,0.2100456621004566,0.0,1.0,0.0
004720,팜젠사이언스,0.17032226459727562,0.11521393811525686,0.5933376867920336,0.09569470647078716,1.0,0.0,0.12850000000000006,0.0,0.0,0.0,0.730593607305936,0.3340917461799671,1.0,0.0
005500,삼진제약,0.06848279931376723,0.08227784702713165,0.5502959798730203,0.06602089707884053,1.0,0.0,0.07299999999999995,0.3333333333333333,0.0,0.0,0.7488584474885844,0.0,1.0,0.0
006280,녹십자,0.022098908902196634,0.1863974175945221,0.34699839815381517,0.18392472369081425,1.0,0.058349777617435,0.49450000000000005,0.0,0.0,0.0,0.35159817351598177,0.14949927754781675,1.0,0.0
006620,동구바이오제약,0.1483766966554692,0.13829329052759273,0.6598434551637863,0.08740784343888086,0.5533333333333335,0.0,0.16799999999999993,0.0,0.0,0.0,0.5251141552511416,0.7526955699969717,1.0,0.0
007370,진양제약,0.09357104213816189,0.11936949397907089,0.7119700790069872,0.09837575722061914,1.0,0.0,0.0,0.3333333333333333,0.0,1.0,0.9429223744292238,0.41883106940464576,1.0,0.0
007390,네이처셀,0.3335899457459309,0.8174056595171556,0.6859417064264437,0.441319360228221,1.0,1.0,0.05249999999999999,1.0,0.0,0.0,0.8493150684931507,1.0,0.0,0.6666666666666666
007570,일양약품,0.1208999091916442,0.10307029886241162,0.3365593443788314,0.11137782545609005,1.0,0.0,0.4605,0.3333333333333333,0.0,0.0,0.3789954337899544,0.0,1.0,0.0
008490,서흥,0.024582351055161208,0.10782726037641056,0.5694207033292445,0.05639660296122074,1.0,0.0,0.06000000000000005,0.0,0.0,0.0,0.7945205479452055,0.0,1.0,0.0
009290,광동제약,0.18746010714613076,0.09084117572120202,0.7244694049198553,0.09046904238163203,1.0,0.0,0.031000000000000028,0.3333333333333333,0.0,0.0,0.7808219178082192,0.8406114247110122,1.0,0.0
009300,삼아제약,0.12399172170897269,0.11388360074921301,0.5184422692220049,0.06253159369249736,1.0,0.0190734741849645,0.2835,0.0,0.0,0.0,0.6438356164383562,0.271854178949137,1.0,0.0
009420,한올바이오파마,0.1804254480026552,0.7041949764396945,0.2965172143725673,0.3094708531882308,1.0,0.7789960244558906,0.7195,0.6666666666666666,0.0,0.0,0.2191780821917808,0.3899196243177596,1.0,0.0
011000,진원생명과학,0.41528362360195775,0.39038927123627715,0.5562295638113565,0.49221724163230773,1.0,0.4941218090673863,0.498,1.0,0.0,0.0,0.6210045662100456,0.7672202531086058,1.0,0.0
011040,경동제약,0.1232297184995499,0.07843868767041956,0.5625086787128328,0.09188306657241169,1.0,0.0,0.2865,0.0,0.0,0.0,0.5114155251141552,0.7758820632932122,1.0,0.0
011170,롯데케미칼,0.17417135605224607,0.13723911324509308,0.597195906537888,0.18411072444768883,1.0,0.0,0.03700000000000003,0.3333333333333333,0.0,0.0,0.8584474885844748,0.0,1.0,0.0
012790,신일제약,0.09507656666031543,0.07961145101639204,0.5311928105116045,0.04457903919090422,1.0,0.0,0.15649999999999997,0.0,0.0,0.0,0.680365296803653,0.12519574252206073,1.0,0.0
014570,고려제약,0.12332582920916586,0.15893553358246795,0.6352761543674418,0.14899754251516098,1.0,0.0,0.0,1.0,0.0,1.0,0.9429223744292238,0.0,1.0,0.0
014950,삼익제약,0.4374063748900169,0.012950085012991287,0.7899236454063048,0.5540822584041253,0.040000000000000036,,0.0,0.3333333333333333,0.0,1.0,0.9429223744292238,0.0,1.0,0.0
016580,환인제약,0.1122079446887975,0.06435754559304807,0.7593128385470473,0.053695501432366455,1.0,0.0,0.015000000000000013,0.3333333333333333,0.0,0.0,0.8812785388127854,0.8154664182106451,1.0,0.0
017180,명문제약,0.20373830506223828,0.13787258666297483,0.7176277606884742,0.0990444817224457,1.0,0.0,0.05500000000000005,0.0,0.0,0.0,0.7899543378995434,0.8126417202336065,1.0,0.0
017860,DS단석,0.16462934956409253,0.2827936909311531,0.7705927090264469,0.22918794991856695,0.16000000000000003,0.0,0.0,0.6666666666666666,0.0,1.0,0.9429223744292238,0.0,1.0,0.0
018620,우진비앤지,0.30838419297042957,0.09168421441367797,0.545058400200188,0.1256530866183667,1.0,0.0,0.10599999999999998,0.0,0.0,0.0,0.7534246575342466,0.0,1.0,0.0
018680,서울제약,0.2886111456684246,0.11355250842071643,0.49939425032277523,0.13964947449332624,1.0,0.0,0.24449999999999994,0.0,0.0,0.0,0.5159817351598174,0.3744327755434296,1.0,0.0
019170,신풍제약,0.21791921383283494,0.27639132421006707,0.4517001254958278,0.21902539378460842,1.0,0.2445792467553924,0.40449999999999997,0.0,0.0,0.0,0.4018264840182648,1.0,0.0,0.2
023910,대한약품,0.05768146920526375,0.06138271772166375,0.5858878375258084,0.08453857015296525,1.0,0.0,0.04400000000000004,0.0,0.0,0.0,0.8310502283105023,0.0,1.0,0.0
025000,KPX케미칼,0.023441439652370857,0.06921550989338816,0.6352761543674418,0.07462992035117652,1.0,0.0,0.0,0.3333333333333333,0.0,1.0,0.9429223744292238,0.0,1.0,0.0
025620,차AI헬스케어,0.3694442819820132,0.2236825901743008,0.6352761543674418,0.31972518088928525,1.0,0.1985646731927145,0.0,0.6666666666666666,0.0,1.0,0.9429223744292238,0.0,1.0,0.0
032300,한국파마,0.08017449015315947,0.29966856486872834,0.5530424380117656,0.23292361166315498,0.3866666666666667,0.2116951570422382,0.12650000000000006,0.0,0.0,0.0,0.6666666666666667,0.17747022045589408,0.0,0.0
033270,유나이티드,0.14815353072809437,0.09127812403409262,0.4640113273358395,0.11122052486961803,1.0,0.0,0.281,0.6666666666666666,0.0,0.0,0.5296803652968036,0.19586278579979274,1.0,0.0
034940,조아제약,0.37200275516155173,0.15432732171495056,0.6027254899630916,0.184392683210106,1.0,0.0,0.12450000000000006,0.0,0.0,0.0,0.639269406392694,0.5600903619207068,1.0,0.0
036220,오상헬스케어,0.18771620479938494,0.2417544950392505,0.33365644735692096,0.30602885348328746,0.14666666666666672,0.2001434359406866,1.0,1.0,0.0,0.0,0.3013698630136986,0.0,1.0,0.0
036480,대성미생물,0.2817630869976552,0.14468608721194987,0.6352761543674418,0.1409643681665809,1.0,0.1094688954196509,0.0,0.0,0.0,1.0,0.9429223744292238,0.0,1.0,0.0
039200,오스코텍,0.36372847065225167,0.6719128649819666,0.3024185402039168,0.4007552262343555,1.0,0.973253310995748,1.0,1.0,0.0,0.0,0.16894977168949776,1.0,0.6666666666666667,0.0
041910,폴라리스AI파마,0.2533600616382109,0.15063750694062655,0.4701996120329352,0.15195497664256646,1.0,0.0522698200485909,0.25249999999999995,0.3333333333333333,0.0,0.0,0.6301369863013699,0.0,1.0,0.0
047920,HLB제약,0.24973839416008342,0.49688564062907703,0.5765599828908261,0.4354403139110009,0.6933333333333334,0.5151191739090948,0.08950000000000002,1.0,0.0,0.0,0.6940639269406392,0.0,1.0,0.0
048530,인트론바이오,0.34183482880411475,0.6176752525153104,0.25692673833395957,0.49773012640865283,1.0,0.9690587799291416,1.0,0.0,0.0,0.0,0.4703196347031964,0.0,1.0,0.0
049180,셀루메드,0.4027591752026488,0.3761809002935409,0.6188081045290187,0.44326946267510237,1.0,0.1113936294660258,0.07899999999999996,0.6666666666666666,0.0,0.33333333333333337,0.9429223744292238,0.0,1.0,0.0
049960,쎌바이오텍,0.16440774013208945,0.14886248929474202,0.3686089308310982,0.19955337263544815,1.0,0.197354710489761,0.43399999999999994,0.0,0.0,0.0,0.5342465753424658,0.0,0.6666666666666667,0.0
052260,현대바이오랜드,0.13327102167724908,0.17577847841066427,0.40162671886898926,0.166917832208945,1.0,0.0367890200732897,0.3055,0.0,0.0,0.0,0.497716894977169,0.10574265045863449,0.6666666666666667,0.0
053030,바이넥스,0.21702100827203485,0.44290078702380425,0.5936783204738371,0.41019807775774925,1.0,0.441646139085573,0.04600000000000004,0.0,0.0,0.0,0.8538812785388128,0.0,1.0,0.0
053950,경남제약,0.3935992037419229,0.1666733390796318,0.8183903744957698,0.3028542385978253,1.0,0.0085966274504935,0.0,0.3333333333333333,0.0,0.6666666666666667,0.9429223744292238,1.0,1.0,0.0
054670,대한뉴팜,0.07548657672683944,0.10115044880827224,0.768012119011025,0.05425747938167838,1.0,0.0,0.03300000000000003,0.0,0.0,0.0,0.821917808219178,1.0,1.0,0.0
058820,CMG제약,0.17636857683965962,0.2657669165933953,0.697634679681458,0.24553859625122626,1.0,0.2851547495828934,0.07350000000000001,0.0,0.0,0.0,0.8447488584474886,0.7768739241166585,0.6666666666666667,0.0
059210,메타바이오메드,0.15060240430314245,0.13178441622606019,0.4461242797192954,0.08888595933890546,1.0,0.0204399346074041,0.27349999999999997,0.0,0.0,0.0,0.5753424657534247,0.0,1.0,0.0
060590,씨티씨바이오,0.1925344044395392,0.21342055453451567,0.4609527946178609,0.23770375605281985,1.0,0.0785742566208766,0.14850000000000008,0.0,0.0,0.0,0.6255707762557078,0.0,0.6666666666666667,0.0
061250,화일약품,0.2105426681348999,0.1494664163487333,0.6036837663522024,0.17272194411389413,1.0,0.0,0.02949999999999997,0.3333333333333333,0.0,0.0,0.8721461187214612,0.0,1.0,0.0
063160,종근당바이오,0.08298032235994147,0.10827130424959837,0.7261665715461775,0.06737167569454942,1.0,0.0,0.09199999999999997,0.0,0.0,0.0,0.7397260273972603,1.0,1.0,0.0
064550,바이오니아,0.21236439355612052,0.25820436963905735,0.36131376212869815,0.2933734294269682,1.0,0.1481213131476927,0.32599999999999996,0.0,0.0,0.0,0.36986301369863017,0.0,1.0,0.0
066700,테라젠이텍스,0.22039392494662202,0.10452766532566168,0.5688378869160792,0.09766815150925551,1.0,0.0,0.08250000000000002,0.3333333333333333,0.0,0.0,0.6712328767123288,0.2644654640346165,1.0,0.0
067080,대화제약,0.21616557123630462,0.27446519620373383,0.4036038801034448,0.20902029734002564,1.0,0.0731767945426427,0.24249999999999994,0.0,0.0,0.0,0.5205479452054795,0.0,0.6666666666666667,0.0
067290,JW신약,0.23029383171538245,0.2469637806687785,0.4595495726521625,0.2325574412637623,1.0,0.0,0.132,0.0,0.0,0.0,0.4840182648401826,0.09151831599737442,1.0,0.0
067370,선바이오,0.3194311746580377,0.486105106172059,0.313696837255732,0.36944831751627466,0.24,0.6691635055441774,1.0,0.0,0.0,0.0,0.28767123287671237,0.0,1.0,0.0
068270,셀트리온,0.23656177859820474,0.44346985489268664,0.7318050827056968,0.33907779235414676,0.5533333333333335,0.6925118918885084,0.28049999999999997,1.0,0.0,0.0,0.771689497716895,0.7896839143701979,1.0,0.0
068760,셀트리온제약,0.07601470757978919,0.5102900031973139,0.5783851657847838,0.3022206461271647,1.0,0.4820567359264017,0.13650000000000007,1.0,0.0,0.0,0.6575342465753424,0.4049698873048602,1.0,0.0
069620,대웅제약,0.10840203398153758,0.15632669087288378,0.27267540856405653,0.1410574676058368,1.0,0.0064811213884731,0.602,0.3333333333333333,0.0,0.0,0.2465753424657534,0.07217095946311317,1.0,0.0
078140,대봉엘에스,0.13517598698311295,0.20412097572559867,0.4839792866613428,0.201550190507069,1.0,0.1318967653288079,0.27949999999999997,0.0,0.0,0.0,0.634703196347032,0.09702423070353021,1.0,0.0
078160,메디포스트,0.28979237077313086,0.47584972723536145,0.05416881097429506,0.40757094235989344,1.0,0.5445144903993323,1.0,0.3333333333333333,0.0,0.0,0.15068493150684936,0.0,0.0,0.0
080720,한국유니온제약,0.2512898159774879,0.0419497030437574,0.6969656753567247,0.10634259759987252,0.52,0.0,0.07499999999999996,0.0,0.0,0.6666666666666667,0.9429223744292238,0.0,1.0,0.0
082800,비보존 제약,0.22674487831029508,0.5264313144465269,0.4918000977387969,0.44928321990840775,1.0,0.45751533566675,0.20399999999999996,0.3333333333333333,0.3007999999999999,0.0,0.6621004566210046,0.0,1.0,0.0
083790,CG인바이츠,0.41743520457797395,0.5268059949036887,0.25200230097266,0.46629754280128427,1.0,0.9521728119012154,1.0,0.3333333333333333,0.0,0.0,0.45662100456621,0.0,1.0,0.0
084110,휴온스글로벌,0.2031408471089446,0.1587413755495725,0.3631104389421086,0.26824581092309363,1.0,0.0,0.404,0.6666666666666666,0.0,0.0,0.4200913242009132,0.0,1.0,0.0
084990,헬릭스미스,0.4581547257587752,0.5097797841198478,0.36998101199969397,0.4129365910419651,1.0,0.9463412144455652,1.0,0.6666666666666666,0.0,0.0,0.4383561643835616,1.0,0.33333333333333337,0.0
085660,차바이오텍,0.402403785769529,0.29762734350167697,0.5715745369011106,0.2842731502616875,1.0,0.0,0.07650000000000001,1.0,0.0,0.0,0.8082191780821918,0.0036530511214829175,1.0,0.0
086450,동국제약,0.11604531830986445,0.09061154237725988,0.457694063692535,0.11428473142835693,1.0,0.0,0.1865,0.3333333333333333,0.0,0.0,0.5570776255707763,0.0,1.0,0.0
086820,바이오솔루션,0.46037124800762813,0.6026339394308847,0.1676050971432565,0.4113656298906281,0.52,0.7634353639491068,1.0,0.3333333333333333,0.0,0.0,0.25114155251141557,0.0,0.0,0.0
086890,이수앱지스,0.24302619570859404,0.29391751289448104,0.3844703980376529,0.24673685098486553,1.0,0.3160004704393777,0.7840000000000001,0.3333333333333333,0.0,0.0,0.365296803652968,0.9766620272366444,0.33333333333333337,0.5
086900,메디톡스,0.14495273558676575,0.35733598812399014,0.22191740177930913,0.2286044348520924,1.0,0.375893361666015,0.6519999999999999,1.0,0.0,0.0,0.4155251141552512,0.0,0.0,0.0
087010,펩트론,0.4672842481685401,0.8452820090425468,0.20765583363696105,0.4312510039211718,0.7266666666666667,1.0,1.0,0.6666666666666666,0.0,0.0,0.2922374429223744,0.0,0.6666666666666667,0.0
095700,제넥신,0.42673576432120114,0.526922764756134,0.12146945491205553,0.37826724298227066,1.0,1.0,1.0,0.3333333333333333,0.0,0.0,0.3378995433789954,0.0,0.0,0.3125
096530,씨젠,0.11398166839642604,0.2244995159721054,0.3232579481737259,0.16464841681859033,1.0,0.2703199341510733,0.8375000000000001,0.0,0.0,0.0,0.3835616438356164,0.34757082183316274,1.0,0.0
099430,바이오플러스,0.1544570894345138,0.49596456155828833,0.6808956982209624,0.3681085107870586,0.31333333333333335,0.562477384736284,0.11099999999999999,0.6666666666666666,0.0,0.0,0.8264840182648402,0.0,1.0,0.0
102460,이연제약,0.060612803761938706,0.15275454439994063,0.7499025900521685,0.1301103645916883,1.0,0.1359723351018724,0.11199999999999999,0.0,0.0,0.0,0.817351598173516,1.0,1.0,0.0
102940,코오롱생명과학,0.35802695840904125,0.2985687256169509,0.401456987911137,0.2826196545268586,1.0,0.1679618319151183,0.5095000000000001,0.3333333333333333,0.0,0.0,0.4748858447488584,0.38186951450492806,0.6666666666666667,0.0
106190,하이텍팜,0.06993498986265563,0.20589410591124258,0.6388108575025733,0.17526239384513922,1.0,0.1918544098133662,0.0,0.0,0.0,1.0,0.9429223744292238,0.019303269471121667,1.0,0.0
109820,진매트릭스,0.4827984165088944,0.42300978346365775,0.12143399627974492,0.5717698585009132,1.0,0.4969140636357603,1.0,0.0,0.0,0.0,0.182648401826484,0.14466399788106357,0.33333333333333337,0.0
114450,그린생명과학,0.3402174742649274,0.18538360691191974,0.5133225267772402,0.23148931333224138,1.0,0.0612275346119118,0.14800000000000002,0.3333333333333333,0.0,0.0,0.6894977168949772,0.0,1.0,0.0
115180,큐리언트,0.5263152101635146,0.5633066414837794,0.09068283471200062,0.3779845365407554,0.6799999999999999,0.8411841579453091,1.0,1.0,0.0,0.0,0.0273972602739726,0.0,0.33333333333333337,0.0
120240,대정화금,0.13069593719667347,0.1009180019309511,0.6309371618989371,0.06882186395292961,1.0,0.0002746833653278,0.07899999999999996,0.0,0.0,0.0,0.812785388127854,0.32171839118217377,1.0,0.0
128940,한미약품,0.09520011687005867,0.30894569514583176,0.26230166792217874,0.17243262077535285,1.0,0.2547337075669026,0.5980000000000001,0.3333333333333333,0.0,0.0,0.23287671232876717,0.03785833980719804,1.0,0.0
131030,옵투스제약,0.09328522522417627,0.19823133006846594,0.507331580465057,0.17961290724928689,1.0,0.0493103393874029,0.11499999999999999,0.6666666666666666,0.0,0.0,0.7351598173515982,0.0,0.6666666666666667,0.0
140410,메지온,0.4915330804596818,0.7881863865252777,0.5188825188350482,0.6131093249600299,0.9600000000000001,1.0,0.17049999999999998,1.0,0.0,0.0,0.863013698630137,0.0,0.33333333333333337,0.0
141080,리가켐바이오,0.334472581463456,0.7259443977047836,0.2527634710311733,0.3543051570398835,0.8733333333333333,1.0,1.0,1.0,0.0,0.0,0.136986301369863,1.0,0.0,0.0
142760,모아라이프플러스,0.5311322680395867,0.29935527834152026,0.7639105920034519,0.4904084161708646,0.6600000000000001,0.325048599335655,0.1855,0.6666666666666666,0.0,0.0,0.7762557077625571,0.9417405577382604,1.0,0.0
153710,옵티팜,0.3617939139800715,0.30749899942570963,0.3815468809606823,0.2970176977887029,0.5066666666666666,0.365817318112864,0.7135,0.0,0.0,0.0,0.3287671232876712,0.3582268301138945,0.6666666666666667,1.0
161890,한국콜마,0.16035593673799398,0.1499019198729191,0.5725095831925133,0.1405806823459183,0.9066666666666667,0.0,0.06499999999999995,0.3333333333333333,0.0,0.0,0.7625570776255708,0.0032020593558705814,1.0,0.0
166480,코아스템켐온,0.5075132152048325,0.47435948465547145,0.17318477210786426,0.4243897337351476,0.7266666666666667,0.391734783337382,1.0,0.6666666666666666,0.0,0.0,0.19634703196347036,0.0,0.6666666666666667,0.0
170900,동아에스티,0.23159590413669495,0.10185147801746344,0.19749925184953285,0.19565154682457772,0.8733333333333333,0.0,0.942,0.6666666666666666,0.0,0.0,0.21461187214611877,0.0,1.0,0.0
174900,앱클론,0.6320665214366127,0.7345443357785748,0.15249153587599454,0.5859101248955583,0.5800000000000001,1.0,1.0,1.0,0.0,0.0,0.0730593607305936,0.0,0.6666666666666667,0.0
176750,듀켐바이오,0.30771315906207053,0.6000531918884122,0.9644463382546957,0.3967098587614279,0.09333333333333316,0.5498313479577445,0.0,0.3333333333333333,0.0,0.33333333333333337,0.9429223744292238,1.0,1.0,0.0
179530,애드바이오텍,0.5739176607476514,0.4498737453563539,0.3651200484539826,0.4650169343464566,0.2866666666666666,0.2529457785173598,0.733,0.3333333333333333,0.0,0.0,0.29680365296803657,0.0,1.0,0.0
182400,엔케이젠바이오텍코리아,0.7360142256762566,0.5401690394745375,0.6825295544070945,0.5612361496916037,0.7066666666666668,0.5833552515241534,0.0,0.3333333333333333,0.0,1.0,0.9429223744292238,0.0,1.0,0.0
183490,엔지켐생명과학,0.2893846678359623,0.20911763838547107,0.5448526694805295,0.26313657019863734,0.5533333333333335,0.1078571146980597,0.35750000000000004,0.6666666666666666,0.0,0.33333333333333337,0.9429223744292238,0.0,0.0,0.3333333333333333
185490,아이진,0.4895170514220536,0.5035779349887447,0.3491044020331282,0.502656882894799,0.7,0.9249445375002616,1.0,1.0,0.0,0.0,0.1643835616438356,1.0,0.6666666666666667,0.0
185750,종근당,0.09164199273104105,0.11914456148413843,0.30084937572122034,0.13108950816530876,0.8333333333333334,0.0,0.4535,0.0,0.0,0.0,0.2009132420091324,0.0,1.0,0.0
187660,페니트리움바이오,0.498791129006331,0.6926359798091989,0.20181439641028473,0.608445518665653,0.33333333333333326,0.6596595115139283,1.0,0.0,0.0,0.0,0.0182648401826484,0.0,1.0,0.0
191420,테고사이언스,0.41067372845108613,0.5447662665436582,0.1826056326582848,0.41181627306410196,0.7733333333333334,0.7921641259949759,1.0,0.0,0.0,0.0,0.406392694063927,0.0,0.0,0.2
195940,HK이노엔,0.01943437243513142,0.09890118171702057,0.6016828707252858,0.05948794675094864,0.32000000000000006,0.0364715595752708,0.14850000000000008,0.0,0.0,0.0,0.7123287671232876,0.0,0.6666666666666667,0.0
196170,알테오젠,0.2910122283758822,0.7960245236468092,0.20058387888510193,0.3367998910475166,0.7666666666666668,1.0,1.0,1.0,0.0,0.0,0.3561643835616438,0.19092223212970252,0.0,0.0
196300,HLB펩,0.5613755998823067,0.751813495515991,0.2779926908396664,0.6480356450382256,0.6333333333333333,0.8417885866229367,1.0,1.0,0.0,0.0,0.26940639269406397,0.5067540702722687,0.33333333333333337,0.0
199730,바이오인프라,0.2690728436490612,0.18675793202828253,0.2572578734396726,0.26205517032913317,0.21333333333333337,0.0785472368158461,1.0,0.6666666666666666,0.0,0.0,0.1187214611872146,0.0,1.0,0.0
199800,툴젠,0.5606855652421656,0.6745509128665974,0.19483775157082997,0.531330523837042,0.30000000000000004,1.0,1.0,1.0,0.0,0.0,0.228310502283105,0.0,0.0,0.0
200670,휴메딕스,0.11043492232815881,0.2958618964379727,0.5112219047200192,0.3135396911111988,0.76,0.2903755895708248,0.2845,1.0,0.0,0.0,0.5022831050228311,0.30031768000953163,1.0,0.0
200780,비씨월드제약,0.12869702131806793,0.13497219849597666,0.3863663115744682,0.14056593449158022,0.7666666666666668,0.0,0.52,0.0,0.0,0.0,0.4474885844748858,0.0,1.0,0.0
203400,에이비온,0.6232430523667931,0.7285824742599388,0.20339474001982788,0.5269784612184258,0.31333333333333335,1.0,1.0,1.0,0.0,0.0,0.013698630136986356,0.0,1.0,0.0
206640,바디텍메드,0.11755849194562047,0.2766325744825366,0.3391330167014144,0.2222557692011137,0.76,0.2813975459851079,0.5785,1.0,0.0,0.0,0.3470319634703196,0.0,1.0,0.0
206650,유바이오로직스,0.23892013109859628,0.3976323397697812,0.43148822143267335,0.2734465405491725,0.62,0.4508187544444875,0.677,1.0,0.0,0.0,0.33333333333333337,1.0,0.0,0.0
207940,삼성바이오로직스,0.07726881712428416,0.5748239692448404,0.8414684569841328,0.32706354012571237,0.6333333333333333,0.8705269587047159,0.05249999999999999,0.0,0.0,0.0,0.8767123287671232,0.9932104500516334,1.0,0.0
214370,케어젠,0.13000176009922335,0.6334966062735703,0.4320484398513605,0.3675220137332938,0.7,0.8337403803203978,0.4245,0.0,0.0,0.0,0.5707762557077626,0.0,0.6666666666666667,1.0
214390,경보제약,0.04703764437948673,0.1554723012730755,0.4546168001893452,0.10860112298733796,0.7266666666666667,0.0,0.255,0.0,0.0,0.0,0.4657534246575342,0.0,1.0,0.0
214450,파마리서치,0.1704784781254823,0.5115307971191096,0.4966749182970052,0.38136891828015124,0.7200000000000001,0.6035518993731738,0.3025,0.6666666666666666,0.0,0.0,0.6073059360730594,0.0,1.0,0.0
215380,우정바이오,0.30827679224213284,0.131194142277591,0.6274643363034303,0.1687765130018657,0.7333333333333333,0.0,0.058499999999999996,0.3333333333333333,0.0,0.0,0.8356164383561644,0.0,1.0,0.0
215600,신라젠,0.5325930571561615,0.6279574228315385,0.6064885154876658,0.4693300721417169,0.6333333333333333,1.0,0.0,0.6666666666666666,0.0,1.0,0.9429223744292238,0.0,0.0,0.0
217330,싸이토젠,0.41111004099205345,0.5376870081186508,0.5238694849525616,0.4779206935414512,0.5,0.6646482189608482,1.0,0.6666666666666666,0.0,0.0,0.4794520547945206,1.0,1.0,0.0
217730,강스템바이오텍,0.46467604394304324,0.6717371724239423,0.1717267323180753,0.4635179487985418,0.6933333333333334,0.940790554117669,1.0,0.6666666666666666,0.0,0.0,0.09589041095890416,0.0,1.0,0.0
220100,퓨쳐켐,0.4682819444261094,0.7193227991323207,0.2278772715961668,0.5067084129903796,0.6333333333333333,0.9103869685204974,1.0,0.3333333333333333,0.0,0.0,0.3881278538812786,0.0,0.33333333333333337,0.0
222110,팬젠,0.38594246849708486,0.4324101851430224,0.47205455060048934,0.35697017784923746,0.6799999999999999,0.4871043943529389,0.6855,0.6666666666666666,0.0,0.0,0.31506849315068497,1.0,0.6666666666666667,0.0
226950,올릭스,0.5726265734317915,0.8396900772128781,0.1920093385861451,0.5816134022741988,0.5266666666666667,1.0,1.0,0.6666666666666666,0.0,0.0,0.07762557077625576,0.0,1.0,0.0
229000,젠큐릭스,0.6261503048283086,0.502152127782086,0.41958308460037963,0.6442544267455116,0.3933333333333333,0.5357287851568656,1.0,1.0,0.0,0.0,0.14155251141552516,1.0,1.0,0.0
234080,JW생명과학,0.05515025108265377,0.06640278050933365,0.7043139267206611,0.06746353418324236,0.64,0.0,0.09050000000000002,0.0,0.0,0.0,0.726027397260274,0.589143316987239,1.0,0.0
234690,녹십자웰빙,0.050009806705892605,0.2213571585262356,0.5669406995776537,0.17446855270608722,0.43999999999999995,0.0847642617492958,0.22199999999999998,0.0,0.0,0.0,0.5068493150684932,0.24297440881600352,1.0,0.0
235980,메드팩토,0.5040931569601541,0.6397861938529076,0.4169472612827939,0.47309257973666274,0.42666666666666675,1.0,0.0,0.3333333333333333,0.0,0.0,0.0639269406392694,0.5087060316969348,0.0,0.0
237690,에스티팜,0.17068681841386651,0.4671875003843116,0.5546453837824051,0.31258411375492906,0.6600000000000001,0.560183522470226,0.404,0.0,0.0,0.0,0.5616438356164384,0.46898654641396315,1.0,0.0
243070,휴온스,0.10582252750162824,0.13592869238977,0.4262138256739117,0.15011049223863776,0.6666666666666667,0.0,0.2955,0.0,0.0,0.0,0.3744292237442922,0.017495205710055313,1.0,0.0
244460,올리패스,0.49010877107387457,0.5643274240308753,0.5159569228281385,0.6423392908488812,0.44666666666666666,0.7375540047294719,1.0,0.3333333333333333,0.0,0.6666666666666667,0.9429223744292238,0.0,1.0,0.0
246710,티앤알바이오팹,0.6198319388433163,0.6608131236842362,0.3095671615360031,0.5770900226594542,0.5,0.849222976035033,1.0,1.0,0.0,0.0,0.3926940639269406,0.0,1.0,0.0
249420,일동제약,0.19357610288496213,0.2121832574395081,0.5515285352427787,0.21395769214348012,0.6466666666666666,0.0,0.376,0.3333333333333333,0.0,0.0,0.26027397260273977,1.0,1.0,0.0
251120,바이오에프디엔씨,0.24783348704122088,0.40003188748028545,0.5160869892881111,0.3952614851337633,0.2866666666666666,0.5859262551285794,0.5285,0.0,0.0,0.0,0.5981735159817352,0.0,1.0,0.0
253840,수젠텍,0.40933305601918996,0.3613290527628439,0.38982968043356514,0.3305223911105326,0.4666666666666667,0.6139843533757887,1.0,1.0,0.0,0.0,0.4611872146118722,0.27453153286442544,1.0,0.0
260660,알리코제약,0.19067705742245017,0.16286664223422337,0.5552092605821719,0.1842090210819639,0.5533333333333335,0.0,0.119,0.0,0.0,0.0,0.589041095890411,0.0,1.0,0.0
261780,아리바이오LAB,0.5447374117518399,0.634053570412307,0.17406606121563972,0.44817388277879816,0.30666666666666664,1.0,1.0,1.0,0.0,0.0,0.1735159817351598,0.0,0.0,0.0
263050,유틸렉스,0.5085327877472942,0.5225685598093347,0.5084393364581937,0.49222719455795927,0.4933333333333334,1.0,1.0,0.6666666666666666,0.0,0.33333333333333337,0.9429223744292238,0.0,1.0,0.0
271980,제일약품,0.07332768089170316,0.11973765736382584,0.4509545886851762,0.09818695759399496,0.5933333333333334,0.0,0.275,0.0,0.0,0.0,0.2831050228310502,0.24404036793741074,1.0,0.0
278650,HLB바이오스텝,0.346893660240386,0.2763542500436036,0.7063803785985443,0.4255938056294538,0.43333333333333335,0.3326244116790252,0.07099999999999995,1.0,0.0,0.0,0.8401826484018264,0.17231281268752274,1.0,0.0
287840,인투셀,0.6781164004750806,0.012950085012991287,0.4377351276608958,0.6936541110017291,0.06666666666666676,,1.0,1.0,0.0,0.0,0.045662100456621,1.0,1.0,0.0
290650,엘앤씨바이오,0.13201751541386977,0.43861531097780476,0.5772884979624391,0.3549495768302171,0.5066666666666666,0.6163285448135142,0.3405,0.3333333333333333,0.0,0.0,0.7579908675799087,0.0,1.0,0.0
291650,압타머사이언스,0.6504585720225872,0.691318900613439,0.44471167410642837,0.5164651224874697,0.38,1.0,1.0,0.6666666666666666,0.0,0.0,0.20547945205479456,1.0,1.0,0.0
293480,하나제약,0.04042473570007114,0.07999336178886289,0.5547210464356975,0.06818191697803945,0.5133333333333333,0.0,0.1995,0.3333333333333333,0.0,0.0,0.6164383561643836,0.0,1.0,0.0
293780,압타바이오,0.4397691675121012,0.6266724333938622,0.3067835126976593,0.4119540117162921,0.4666666666666667,1.0,1.0,0.3333333333333333,0.0,0.0,0.10502283105022836,1.0,0.0,0.0
298060,풍전약품,0.536516715464802,0.7103160720917181,0.332623188022756,0.6640759401911958,0.3933333333333333,1.0,1.0,0.6666666666666666,0.0,0.0,0.03196347031963476,0.7402473840977848,1.0,0.0
298380,에이비엘바이오,0.4006144590965834,0.7499194168315695,0.12567761755307907,0.43025489140813505,0.4933333333333334,1.0,1.0,1.0,0.0,0.0,0.04109589041095896,0.0,0.33333333333333337,0.0
299660,셀리드,0.5945413966131156,0.69101867257896,0.37910440648699895,0.5066268481996486,0.4866666666666666,1.0,1.0,1.0,0.0,0.0,0.4292237442922374,0.6161570778503006,0.33333333333333337,0.0
302440,SK바이오사이언스,0.25036717104983486,0.5541325464535538,0.32192145307640624,0.35173292618184143,0.3466666666666667,0.791771060870957,1.0,1.0,0.0,0.0,0.6027397260273972,0.0,0.0,0.25
303810,동국생명과학,0.13205652819567978,0.012950085012991287,0.7191301405904048,0.42793370118296076,0.08666666666666678,,0.055499999999999994,0.3333333333333333,0.0,0.0,0.7990867579908676,0.0,1.0,0.0
304360,에스바이오메딕스,0.5986205874501508,0.7337919348794754,0.26738400091067144,0.5151500544960557,0.20666666666666667,0.7971091925544302,1.0,1.0,0.0,0.0,0.1552511415525114,0.29757353731957786,0.33333333333333337,0.0
304840,피플바이오,0.6238630278135903,0.7559258816644909,0.3264985276761603,0.6633093947455095,0.3733333333333333,1.0,1.0,0.3333333333333333,0.4184,0.0,0.2557077625570776,0.24995799032552526,1.0,0.0
305090,마이크로디지탈,0.4507929608339321,0.6457522449158213,0.4449722139548059,0.48847475432982856,0.4666666666666667,0.8086201058492343,0.6795,0.6666666666666666,0.0,0.0,0.5799086757990868,0.13766952341382224,0.6666666666666667,0.0
307280,원바이오젠,0.2243795308417168,0.1623080334373112,0.5812835743769703,0.12445147062296533,0.5,0.0855159058148087,0.13749999999999996,0.3333333333333333,0.0,0.0,0.6484018264840183,0.0,1.0,0.0
308080,바이젠셀,0.5191627209225753,0.5945462277465186,0.3009946898097926,0.4256729666040312,0.32000000000000006,1.0,1.0,1.0,0.0,0.0,0.11415525114155256,0.5015784481174695,0.6666666666666667,0.0
308430,셀비온,0.5850663942128704,0.7467769392766198,0.28328411922169416,0.45654141986097774,0.10666666666666669,1.0,1.0,1.0,0.0,0.0,0.13242009132420096,0.021400598261030978,1.0,0.0
309710,아이티켐,0.39340024815185515,0.012950085012991287,0.7699527476219511,0.5083008420461217,0.05333333333333323,,0.08550000000000002,0.0,0.0,0.6666666666666667,0.9429223744292238,0.0,1.0,0.0
310210,보로노이,0.5265794853353798,0.81477996931788,0.35721039224556855,0.43894407843264427,0.26,1.0,0.0,1.0,0.0,0.0,0.0821917808219178,0.0,0.0,0.3333333333333333
311690,CJ 바이오사이언스,0.3973303961654413,0.6191002961882547,0.18375809328754564,0.4794484821533023,0.42666666666666675,1.0,1.0,0.6666666666666666,0.0,0.0,0.091324200913242,0.0,0.6666666666666667,0.0
314130,지놈앤컴퍼니,0.42148575176462083,0.37163838825831436,0.45449941331813737,0.34800111870561573,0.3600000000000001,0.3734612837539006,1.0,1.0,0.0,0.0,0.22374429223744297,1.0,1.0,0.0
314140,알피바이오,0.07487749273559449,0.11452068526650931,0.7566314771965496,0.12960154025542023,0.2466666666666667,0.0,0.0,0.0,0.0,1.0,0.9429223744292238,0.0,1.0,0.0
317450,명인제약,0.5863088387786143,0.012950085012991287,0.7888497044963126,0.6123634425132394,0.046666666666666634,,0.0,0.3333333333333333,0.0,1.0,0.9429223744292238,0.0,1.0,0.0
321550,티움바이오,0.4464403247039679,0.5386079057551474,0.3597561117401822,0.39440345789677245,0.43333333333333335,0.8372071573774251,1.0,1.0,0.0,0.0,0.2374429223744292,1.0,0.0,0.0
323990,박셀바이오,0.4943355757910533,0.6614610752646355,0.378196513742718,0.4037502106632239,0.38,1.0,1.0,0.3333333333333333,0.0,0.0,0.2648401826484018,1.0,0.0,0.0
326030,에스케이바이오팜,0.08291081191839783,0.6805813591326911,0.33663745018121766,0.32269508901833494,0.3933333333333333,0.8131281104733165,1.0,0.0,0.0,0.0,0.1278538812785388,0.7338469906164196,0.6666666666666667,0.0
330350,위더스제약,0.06957468845265097,0.14105393150142687,0.632925310966833,0.09889027542535316,0.3933333333333333,0.0,0.11199999999999999,0.3333333333333333,0.0,0.0,0.6757990867579908,0.10536686311755653,1.0,0.0
331920,셀레믹스,0.4785740311324407,0.38186754604251283,0.5441211774385666,0.4211401607933098,0.3866666666666667,0.4596772761379948,0.7190000000000001,0.0,0.0,0.0,0.54337899543379,0.5655048607341506,1.0,0.0
334970,프레스티지바이오로직스,0.5410296283619574,0.7224713087051329,0.5455489954995302,0.5189325987301028,0.3466666666666667,1.0,1.0,0.6666666666666666,0.0,0.0,0.5525114155251142,1.0,0.6666666666666667,0.0
335810,프리시젼바이오,0.38387769417865986,0.1881927682890153,0.3140645659629317,0.2361300533334132,0.3600000000000001,0.1585592711797318,0.937,0.6666666666666666,0.0,0.0,0.30593607305936077,0.0,1.0,0.0
338840,와이바이오로직스,0.5174847982925483,0.6891801014338645,0.4232674931314474,0.610041030752114,0.16666666666666663,0.880029659153899,1.0,1.0,0.0,0.0,0.05022831050228316,1.0,1.0,0.0
344860,이노진,0.36513510133201493,0.18612955235460252,0.5936623648887203,0.27039391908766097,0.21999999999999997,0.1747326567314156,0.23150000000000004,0.3333333333333333,0.0,0.0,0.6118721461187215,0.0,1.0,0.0
347850,디앤디파마텍,0.4611177166496021,0.7411748990001172,0.19901127698699236,0.4674837397286511,0.14,1.0,1.0,0.6666666666666666,0.0,0.0,0.08675799086757996,0.0,0.33333333333333337,0.0
348080,큐라티스,0.667540354426324,0.6853288465755463,0.2856694211865877,0.549540863168925,0.19999999999999996,1.0,1.0,1.0,0.5870000000000001,0.0,0.1917808219178082,0.0,1.0,0.0
348150,고바이오랩,0.3571610396070615,0.2959443890989562,0.49994506866601474,0.2564942226375377,0.3666666666666667,0.1236159396681977,0.505,1.0,0.0,0.0,0.3105022831050228,1.0,0.0,0.0
352770,셀레스트라,0.3860813217118728,0.21015289496465137,0.5954460102464768,0.28376632799730855,0.3666666666666667,0.0,0.6805,0.6666666666666666,0.0,0.6666666666666667,0.9429223744292238,0.0,1.0,0.0
357550,석경에이티,0.29655152906814863,0.5723694859847827,0.37883939376347103,0.3375983525001713,0.3600000000000001,0.8049918930463923,0.8310000000000001,0.3333333333333333,0.0,0.0,0.4246575342465754,0.0,1.0,0.0
358570,지아이이노베이션,0.6814345713184845,0.832359754655262,0.21457941630840985,0.5597481222346732,0.21333333333333337,1.0,1.0,1.0,0.0,0.0,0.0,0.0,1.0,0.0
365270,큐라클,0.5903056155685076,0.6867665796260924,0.6558897973473026,0.5374343276740207,0.32666666666666666,1.0,0.0,1.0,0.0,1.0,0.9429223744292238,0.0,0.0,0.4444444444444444
372320,큐로셀,0.567407648038469,0.8133231036086184,0.3432664790281018,0.49920834167819095,0.17333333333333334,1.0,0.0,1.0,0.0,0.0,0.004566210045662156,0.0,0.0,0.0
373110,엑셀세라퓨틱스,0.7192893222082151,0.728584425182433,0.455974804518331,0.6517321848737933,0.1266666666666667,0.9591067582603356,1.0,1.0,0.0,0.0,0.12328767123287676,1.0,1.0,0.0
376270,HEM파마,0.5463397558780492,0.5338453329522841,0.5018750843795701,0.44728324670428893,0.10666666666666669,0.6016995039647481,1.0,1.0,0.0,0.0,0.24200913242009137,1.0,1.0,0.0
376900,로킷헬스케어,0.719053730203854,0.012950085012991287,0.43623752537517135,0.6461319335749248,0.06666666666666676,,0.599,1.0,1.0,0.0,0.1461187214611872,0.3381118626131623,1.0,0.0
377740,바이오노트,0.01592131170140689,0.2401633117514144,0.6124529826306816,0.18365077836204305,0.22666666666666668,0.4511831392384067,0.6605000000000001,0.3333333333333333,0.0,0.0,0.7853881278538812,0.25621230483936996,1.0,0.0
378800,샤페론,0.7155363534313843,0.7420398822229225,0.18920625196082683,0.6559787397392025,0.24,1.0,1.0,1.0,0.0,0.0,0.022831050228310557,0.0,0.6666666666666667,0.0
382150,온코크로스,0.6999225940193372,0.6773525702067971,0.474476342031757,0.6539715739165878,0.09333333333333316,1.0,1.0,1.0,0.0,0.0,0.15981735159817356,1.0,1.0,0.0
388610,지에프씨생명과학,0.3997604726733589,0.5311174410871682,0.3620639194978101,0.5444674417823421,0.06000000000000005,0.4436601705059036,0.46199999999999997,0.6666666666666666,0.0,0.33333333333333337,0.273972602739726,0.0,0.0,0.0
388870,파로스아이바이오,0.6081016708639341,0.7148603165522033,0.3427600763285508,0.5764243669328075,0.18666666666666665,1.0,0.0,0.6666666666666666,0.0,0.0,0.0091324200913242,0.0,0.0,0.0
397030,에이프릴바이오,0.31699642948348256,0.5759421584295833,0.5874036130505857,0.3615553494483221,0.2533333333333333,0.7687961257110308,0.5825,1.0,0.0,0.0,0.547945205479452,1.0,0.0,0.0
420570,제이투케이바이오,0.16534733777907096,0.2641533168913334,0.5167568700859637,0.2090024281035622,0.14666666666666672,0.1393247832785091,0.28700000000000003,0.0,0.0,0.0,0.3972602739726028,0.0,1.0,0.0
424870,이뮨온시아,0.5330572841441314,0.012950085012991287,0.4459425232630617,0.6968694352397806,0.06666666666666676,,1.0,1.0,0.9318,0.0,0.06849315068493156,1.0,1.0,0.0
432980,엠에프씨,0.3471947872486572,0.48685482546290326,0.5144035245529373,0.4862599130881412,0.09333333333333316,0.5050282403039026,0.4025000000000001,0.0,0.0,0.0,0.4337899543378996,0.0,1.0,0.0
456070,이엔셀,0.5121580045540273,0.693887328133768,0.2643474784354129,0.3969837358189178,0.12,0.9597386640140224,1.0,0.6666666666666666,0.0,0.0,0.17808219178082196,0.0,0.6666666666666667,0.0
456160,지투지바이오,0.7760007626876572,0.012950085012991287,0.26005174759341854,0.6821661411581442,0.05333333333333323,,1.0,0.6666666666666666,1.0,0.6666666666666667,0.0547945205479452,0.0,1.0,0.0
464280,티디에스팜,0.2692628420334215,0.35519754333847786,0.673869052186633,0.2985162826010017,0.12,0.2745823204915896,0.11299999999999999,0.3333333333333333,0.0,0.0,0.7214611872146119,0.0,1.0,0.0
468530,프로티나,0.5830820537783497,0.012950085012991287,0.4366000512400136,0.6724355451001488,0.05333333333333323,,1.0,1.0,0.0,0.0,0.0365296803652968,1.0,1.0,0.0
475830,오름테라퓨틱,0.34586604484052985,0.012950085012991287,0.3022849375360203,0.5180899950611269,0.08666666666666678,,1.0,1.0,0.0,0.0,0.18721461187214616,0.0,1.0,0.0
476040,오가노이드사이언스,0.521814873171619,0.012950085012991287,0.32281710206188,0.6906194352397805,0.07333333333333336,,1.0,1.0,0.0,0.0,0.1004566210045662,0.2707183852754051,1.0,0.0
476060,온코닉테라퓨틱스,0.3676445461509115,0.5737797683211545,0.27745605685324826,0.3322872552178087,0.09333333333333316,0.736330953036247,1.0,0.6666666666666666,0.0,0.0,0.1095890410958904,0.02266457117134692,1.0,0.0
476830,알지노믹스,0.8396746971497917,0.012950085012991287,0.4744453174224679,0.6739941809139917,0.026666666666666616,,0.0,1.0,1.0,0.0,0.05936073059360736,0.0,1.0,0.0
950130,엑세스바이오,0.2028512350191294,0.17738670123441036,0.4131732555983256,0.2456707063782714,0.8666666666666667,0.1424244532462419,0.482,0.3333333333333333,0.0,0.0,0.7077625570776256,0.0,0.33333333333333337,0.0
950160,코오롱티슈진,0.5289728245755683,0.8183274715299355,0.5066093531998339,0.5081201181556769,0.5733333333333335,1.0,1.0,1.0,0.0,0.0,0.5936073059360731,0.7461488260110667,1.0,0.0
950210,프레스티지바이오파마,0.43945814255500926,0.6083615803017514,0.5102658209184581,0.5220185874432628,0.3533333333333333,1.0,1.0,0.6666666666666666,0.7976000000000001,0.6666666666666667,0.5388127853881279,1.0,0.33333333333333337,0.0
950220,네오이뮨텍,0.5171969571532331,0.5359654546521433,0.740522363546668,0.5021480341641754,0.3466666666666667,1.0,0.0,1.0,0.0,1.0,0.9429223744292238,0.0,1.0,0.0
