year,feature,description,nunique,std,min,max,importance,importance_pct
2021,feat_hype_volatility,feat_hype_volatility,160,0.30974243435937066,0.0,1.0,0.05414130461389765,5.414130461389765
2021,feat_hype_volume_surge,feat_hype_volume_surge,170,0.2887146225606749,0.0,1.0,0.013334788958852376,1.3334788958852377
2021,feat_hype_momentum,feat_hype_momentum,177,0.08198377564990712,0.0060096153846153,1.0,0.02447233062736093,2.447233062736093
2021,feat_hype_mdd,feat_hype_mdd,179,0.0749493050118235,0.0,0.3835021673469268,0.0474833642127174,4.74833642127174
2021,feat_hype_high_gap,feat_hype_high_gap,176,0.2027690688890434,0.0,0.8389610307668526,0.025291792763563855,2.5291792763563854
2021,feat_hype_LOG_PSR,feat_hype_LOG_PSR,9,0.08707169491812085,0.0,1.0,0.18515072822049963,18.515072822049962
2021,feat_hype_LOG_PBR,feat_hype_LOG_PBR,4,0.08861111196929876,0.0,1.0,0.12256140439978863,12.256140439978862
2021,feat_fin_Capital_Impairment_Ratio,feat_fin_Capital_Impairment_Ratio,1,0.0,0.0,0.0,0.0,0.0
2021,feat_fin_Debt_Ratio_Pct,feat_fin_Debt_Ratio_Pct,5,0.13429445060906137,0.0,1.0,0.02740859220094909,2.740859220094909
2021,feat_fin_consecutive_op_loss_years,feat_fin_consecutive_op_loss_years,1,0.0,0.0,0.0,0.05035626335176836,5.035626335176836
2021,feat_fin_Paid_In_Capital_Increase,feat_fin_Paid_In_Capital_Increase,43,0.3669626638972184,0.0,1.0,0.034353332947034396,3.4353332947034394
2021,feat_fin_3개년_유상증자_누적횟수,feat_fin_3개년_유상증자_누적횟수,4,0.39446786285858576,0.0,1.0,0.018880810555328937,1.8880810555328937
2021,feat_fin_cb_bw_count,feat_fin_cb_bw_count,1,0.0,0.0,0.0,0.0,0.0
2021,feat_fin_insider_holdings_pct,feat_fin_insider_holdings_pct,129,0.36504599425408196,0.0,1.0,0.041673493611756006,4.1673493611756
2021,feat_fin_Total_Revenue,feat_fin_Total_Revenue,7,0.13909035968502728,0.0,1.0,0.08464657139341308,8.464657139341309
2021,feat_fin_Total_Equity,feat_fin_Total_Equity,3,0.11497205156909492,0.0,1.0,0.0723530293125277,7.23530293125277
2021,feat_fin_Total_Assets,feat_fin_Total_Assets,7,0.08902529974089304,0.0,0.8996566681120063,0.06032285947945888,6.032285947945888
2021,feat_fin_has_dividend,feat_fin_has_dividend,1,0.0,1.0,1.0,0.02681812419897351,2.681812419897351
2021,feat_rd_R&D_Ratio_Pct,feat_rd_R&D_Ratio_Pct,6,0.10446327455122789,0.0,1.0,0.023086790278260376,2.3086790278260376
2021,feat_rd_years_after_listing,feat_rd_years_after_listing,75,0.40049747968448146,0.0,0.9933333333333332,0.017841038150931344,1.7841038150931343
2021,feat_rd_is_tech_listing,feat_rd_is_tech_listing,1,0.0,0.0,0.0,0.0,0.0
2021,feat_rd_absence_3y,최근 3개년 R&D 투자 공백 위험,2,0.03883434137624757,0.6666666666666667,1.0,0.0,0.0
2021,feat_rd_to_assets_rank_gap,자산 대비 R&D 투자 부족 위험,4,0.05825315394641468,0.0,0.504566210045662,0.03981327962751567,3.981327962751567
2021,feat_rd_sales_growth_mismatch,매출 성장 대비 R&D 성장 부진 위험,1,0.0,0.0,0.0,0.02028012129215787,2.028012129215787
2021,feat_rd_pipeline_disclosure_absence,R&D 성과·파이프라인 공시 부재 위험,1,0.0,1.0,1.0,0.009729979803244299,0.9729979803244299
2021,feat_rd_milestone_correction_ratio,R&D 성과 공시 정정 비율 위험,1,0.0,0.0,0.0,0.0,0.0
2022,feat_hype_volatility,feat_hype_volatility,171,0.2838663033678797,0.0,1.0,0.05414130461389765,5.414130461389765
2022,feat_hype_volume_surge,feat_hype_volume_surge,180,0.28993984797536504,0.0,1.0,0.013334788958852376,1.3334788958852377
2022,feat_hype_momentum,feat_hype_momentum,189,0.09463610641731206,0.0,0.8547401126829266,0.02447233062736093,2.447233062736093
2022,feat_hype_mdd,feat_hype_mdd,188,0.07242985576216937,0.0,0.3930722891566265,0.0474833642127174,4.74833642127174
2022,feat_hype_high_gap,feat_hype_high_gap,187,0.2242541591238935,0.0,0.8744939271255061,0.025291792763563855,2.5291792763563854
2022,feat_hype_LOG_PSR,feat_hype_LOG_PSR,117,0.3997896201760501,0.0,1.0,0.18515072822049963,18.515072822049962
2022,feat_hype_LOG_PBR,feat_hype_LOG_PBR,152,0.34060332842014,0.0,1.0,0.12256140439978863,12.256140439978862
2022,feat_fin_Capital_Impairment_Ratio,feat_fin_Capital_Impairment_Ratio,10,0.2504546151382757,0.0,1.0,0.0,0.0
2022,feat_fin_Debt_Ratio_Pct,feat_fin_Debt_Ratio_Pct,193,0.2950972953275948,0.0,1.0,0.02740859220094909,2.740859220094909
2022,feat_fin_consecutive_op_loss_years,feat_fin_consecutive_op_loss_years,2,0.10021969081495577,0.0,0.2,0.05035626335176836,5.035626335176836
2022,feat_fin_Paid_In_Capital_Increase,feat_fin_Paid_In_Capital_Increase,72,0.366174271812998,0.0,1.0,0.034353332947034396,3.4353332947034394
2022,feat_fin_3개년_유상증자_누적횟수,feat_fin_3개년_유상증자_누적횟수,4,0.39446786285858576,0.0,1.0,0.018880810555328937,1.8880810555328937
2022,feat_fin_cb_bw_count,feat_fin_cb_bw_count,1,0.0,0.0,0.0,0.0,0.0
2022,feat_fin_insider_holdings_pct,feat_fin_insider_holdings_pct,129,0.36504599425408196,0.0,1.0,0.041673493611756006,4.1673493611756
2022,feat_fin_Total_Revenue,feat_fin_Total_Revenue,109,0.36293206277596407,0.0,1.0,0.08464657139341308,8.464657139341309
2022,feat_fin_Total_Equity,feat_fin_Total_Equity,106,0.2932721510590637,0.0,1.0,0.0723530293125277,7.23530293125277
2022,feat_fin_Total_Assets,feat_fin_Total_Assets,199,0.1843330362514136,0.0,0.8996566681120063,0.06032285947945888,6.032285947945888
2022,feat_fin_has_dividend,feat_fin_has_dividend,1,0.0,1.0,1.0,0.02681812419897351,2.681812419897351
2022,feat_rd_R&D_Ratio_Pct,feat_rd_R&D_Ratio_Pct,126,0.4019376508655,0.0,1.0,0.023086790278260376,2.3086790278260376
2022,feat_rd_years_after_listing,feat_rd_years_after_listing,78,0.3857330851592442,0.0,0.9933333333333332,0.017841038150931344,1.7841038150931343
2022,feat_rd_is_tech_listing,feat_rd_is_tech_listing,1,0.0,0.0,0.0,0.0,0.0
2022,feat_rd_absence_3y,최근 3개년 R&D 투자 공백 위험,3,0.09262028360968294,0.33333333333333337,1.0,0.0,0.0
2022,feat_rd_to_assets_rank_gap,자산 대비 R&D 투자 부족 위험,201,0.28923923327445933,0.0,0.954337899543379,0.03981327962751567,3.981327962751567
2022,feat_rd_sales_growth_mismatch,매출 성장 대비 R&D 성장 부진 위험,2,0.13421434040727773,0.0,1.0,0.02028012129215787,2.028012129215787
2022,feat_rd_pipeline_disclosure_absence,R&D 성과·파이프라인 공시 부재 위험,1,0.0,1.0,1.0,0.009729979803244299,0.9729979803244299
2022,feat_rd_milestone_correction_ratio,R&D 성과 공시 정정 비율 위험,1,0.0,0.0,0.0,0.0,0.0
2023,feat_hype_volatility,feat_hype_volatility,171,0.29987970586528834,0.0,1.0,0.05414130461389765,5.414130461389765
2023,feat_hype_volume_surge,feat_hype_volume_surge,195,0.23620615967452605,0.0,1.0,0.013334788958852376,1.3334788958852377
2023,feat_hype_momentum,feat_hype_momentum,194,0.09892672601576534,0.0,0.846875,0.02447233062736093,2.447233062736093
2023,feat_hype_mdd,feat_hype_mdd,195,0.06725526673848252,0.0,0.3408602150537634,0.0474833642127174,4.74833642127174
2023,feat_hype_high_gap,feat_hype_high_gap,187,0.19096680114560272,0.0,0.8952638700947226,0.025291792763563855,2.5291792763563854
2023,feat_hype_LOG_PSR,feat_hype_LOG_PSR,115,0.4015280671824497,0.0,1.0,0.18515072822049963,18.515072822049962
2023,feat_hype_LOG_PBR,feat_hype_LOG_PBR,155,0.33275288555485016,0.0,1.0,0.12256140439978863,12.256140439978862
2023,feat_fin_Capital_Impairment_Ratio,feat_fin_Capital_Impairment_Ratio,8,0.21694530950640062,0.0,1.0,0.0,0.0
2023,feat_fin_Debt_Ratio_Pct,feat_fin_Debt_Ratio_Pct,200,0.27595016392009003,0.0,1.0,0.02740859220094909,2.740859220094909
2023,feat_fin_consecutive_op_loss_years,feat_fin_consecutive_op_loss_years,3,0.19276860109449262,0.0,0.4,0.05035626335176836,5.035626335176836
2023,feat_fin_Paid_In_Capital_Increase,feat_fin_Paid_In_Capital_Increase,60,0.39143189696165454,0.0,1.0,0.034353332947034396,3.4353332947034394
2023,feat_fin_3개년_유상증자_누적횟수,feat_fin_3개년_유상증자_누적횟수,4,0.39446786285858576,0.0,1.0,0.018880810555328937,1.8880810555328937
2023,feat_fin_cb_bw_count,feat_fin_cb_bw_count,5,0.09807326537128924,0.0,0.8,0.0,0.0
2023,feat_fin_insider_holdings_pct,feat_fin_insider_holdings_pct,129,0.36504599425408196,0.0,1.0,0.041673493611756006,4.1673493611756
2023,feat_fin_Total_Revenue,feat_fin_Total_Revenue,116,0.3623026879218481,0.0,1.0,0.08464657139341308,8.464657139341309
2023,feat_fin_Total_Equity,feat_fin_Total_Equity,110,0.25831972635947875,0.0,1.0,0.0723530293125277,7.23530293125277
2023,feat_fin_Total_Assets,feat_fin_Total_Assets,198,0.18358126283147463,0.0,0.8996566681120063,0.06032285947945888,6.032285947945888
2023,feat_fin_has_dividend,feat_fin_has_dividend,2,0.2608300989089199,0.0,1.0,0.02681812419897351,2.681812419897351
2023,feat_rd_R&D_Ratio_Pct,feat_rd_R&D_Ratio_Pct,129,0.3999185021810635,0.0,1.0,0.023086790278260376,2.3086790278260376
2023,feat_rd_years_after_listing,feat_rd_years_after_listing,80,0.36732557652069264,0.0,0.9933333333333332,0.017841038150931344,1.7841038150931343
2023,feat_rd_is_tech_listing,feat_rd_is_tech_listing,1,0.0,0.0,0.0,0.0,0.0
2023,feat_rd_absence_3y,최근 3개년 R&D 투자 공백 위험,4,0.17499409015916262,0.0,1.0,0.0,0.0
2023,feat_rd_to_assets_rank_gap,자산 대비 R&D 투자 부족 위험,200,0.28922352590434297,0.0,0.952054794520548,0.03981327962751567,3.981327962751567
2023,feat_rd_sales_growth_mismatch,매출 성장 대비 R&D 성장 부진 위험,71,0.35564043804405815,0.0,1.0,0.02028012129215787,2.028012129215787
2023,feat_rd_pipeline_disclosure_absence,R&D 성과·파이프라인 공시 부재 위험,4,0.20929619145877887,0.0,1.0,0.009729979803244299,0.9729979803244299
2023,feat_rd_milestone_correction_ratio,R&D 성과 공시 정정 비율 위험,5,0.03996038532624152,0.0,0.375,0.0,0.0
2024,feat_hype_volatility,feat_hype_volatility,161,0.27295548644386886,0.0,1.0,0.05414130461389765,5.414130461389765
2024,feat_hype_volume_surge,feat_hype_volume_surge,198,0.24478354817984524,0.0,1.0,0.013334788958852376,1.3334788958852377
2024,feat_hype_momentum,feat_hype_momentum,206,0.12764913428708227,0.0,1.0,0.02447233062736093,2.447233062736093
2024,feat_hype_mdd,feat_hype_mdd,206,0.09177759254801393,0.0,0.7369491525423729,0.0474833642127174,4.74833642127174
2024,feat_hype_high_gap,feat_hype_high_gap,206,0.19474105626981694,0.0,0.8136200716845878,0.025291792763563855,2.5291792763563854
2024,feat_hype_LOG_PSR,feat_hype_LOG_PSR,115,0.3986193969449265,0.0,1.0,0.18515072822049963,18.515072822049962
2024,feat_hype_LOG_PBR,feat_hype_LOG_PBR,134,0.31450110398971065,0.0,1.0,0.12256140439978863,12.256140439978862
2024,feat_fin_Capital_Impairment_Ratio,feat_fin_Capital_Impairment_Ratio,8,0.150648307580161,0.0,1.0,0.0,0.0
2024,feat_fin_Debt_Ratio_Pct,feat_fin_Debt_Ratio_Pct,206,0.24601765752101842,0.0,1.0,0.02740859220094909,2.740859220094909
2024,feat_fin_consecutive_op_loss_years,feat_fin_consecutive_op_loss_years,4,0.2773085000305319,0.0,0.6,0.05035626335176836,5.035626335176836
2024,feat_fin_Paid_In_Capital_Increase,feat_fin_Paid_In_Capital_Increase,62,0.3938973996743085,0.0,1.0,0.034353332947034396,3.4353332947034394
2024,feat_fin_3개년_유상증자_누적횟수,feat_fin_3개년_유상증자_누적횟수,4,0.39446786285858576,0.0,1.0,0.018880810555328937,1.8880810555328937
2024,feat_fin_cb_bw_count,feat_fin_cb_bw_count,6,0.22122323035574298,0.0,1.0,0.0,0.0
2024,feat_fin_insider_holdings_pct,feat_fin_insider_holdings_pct,129,0.36504599425408196,0.0,1.0,0.041673493611756006,4.1673493611756
2024,feat_fin_Total_Revenue,feat_fin_Total_Revenue,116,0.3531584366010376,0.0,1.0,0.08464657139341308,8.464657139341309
2024,feat_fin_Total_Equity,feat_fin_Total_Equity,108,0.20998543070265693,0.0,1.0,0.0723530293125277,7.23530293125277
2024,feat_fin_Total_Assets,feat_fin_Total_Assets,195,0.18438188802861305,0.0,0.8996566681120063,0.06032285947945888,6.032285947945888
2024,feat_fin_has_dividend,feat_fin_has_dividend,2,0.4656073963982389,0.0,1.0,0.02681812419897351,2.681812419897351
2024,feat_rd_R&D_Ratio_Pct,feat_rd_R&D_Ratio_Pct,125,0.3979776069604826,0.0,1.0,0.023086790278260376,2.3086790278260376
2024,feat_rd_years_after_listing,feat_rd_years_after_listing,81,0.34151289123978734,0.0,0.9733333333333334,0.017841038150931344,1.7841038150931343
2024,feat_rd_is_tech_listing,feat_rd_is_tech_listing,1,0.0,0.0,0.0,0.0,0.0
2024,feat_rd_absence_3y,최근 3개년 R&D 투자 공백 위험,4,0.27173763386002425,0.0,1.0,0.0,0.0
2024,feat_rd_to_assets_rank_gap,자산 대비 R&D 투자 부족 위험,196,0.28914332234838175,0.0,0.9429223744292238,0.03981327962751567,3.981327962751567
2024,feat_rd_sales_growth_mismatch,매출 성장 대비 R&D 성장 부진 위험,76,0.3894572395312404,0.0,1.0,0.02028012129215787,2.028012129215787
2024,feat_rd_pipeline_disclosure_absence,R&D 성과·파이프라인 공시 부재 위험,4,0.3615731027278153,0.0,1.0,0.009729979803244299,0.9729979803244299
2024,feat_rd_milestone_correction_ratio,R&D 성과 공시 정정 비율 위험,9,0.12320273575307583,0.0,1.0,0.0,0.0
2025,feat_hype_volatility,feat_hype_volatility,174,0.30671875120518877,0.0,1.0,0.05414130461389765,5.414130461389765
2025,feat_hype_volume_surge,feat_hype_volume_surge,208,0.2357836278115507,0.0,1.0,0.013334788958852376,1.3334788958852377
2025,feat_hype_momentum,feat_hype_momentum,210,0.19053623873354208,0.0192307692307692,1.0,0.02447233062736093,2.447233062736093
2025,feat_hype_mdd,feat_hype_mdd,212,0.08004682184006479,0.0,0.4824797843665768,0.0474833642127174,4.74833642127174
2025,feat_hype_high_gap,feat_hype_high_gap,215,0.1701949142080764,0.0,0.8747118644067796,0.025291792763563855,2.5291792763563854
2025,feat_hype_LOG_PSR,feat_hype_LOG_PSR,108,0.4046543562299251,0.0,1.0,0.18515072822049963,18.515072822049962
2025,feat_hype_LOG_PBR,feat_hype_LOG_PBR,127,0.3611794612714096,0.0,1.0,0.12256140439978863,12.256140439978862
2025,feat_fin_Capital_Impairment_Ratio,feat_fin_Capital_Impairment_Ratio,9,0.1192825418804152,0.0,1.0,0.0,0.0
2025,feat_fin_Debt_Ratio_Pct,feat_fin_Debt_Ratio_Pct,210,0.23385806453925892,0.0,1.0,0.02740859220094909,2.740859220094909
2025,feat_fin_consecutive_op_loss_years,feat_fin_consecutive_op_loss_years,5,0.36682410808229343,0.0,0.8,0.05035626335176836,5.035626335176836
2025,feat_fin_Paid_In_Capital_Increase,feat_fin_Paid_In_Capital_Increase,63,0.4219133504910067,0.0,1.0,0.034353332947034396,3.4353332947034394
2025,feat_fin_3개년_유상증자_누적횟수,feat_fin_3개년_유상증자_누적횟수,4,0.39446786285858576,0.0,1.0,0.018880810555328937,1.8880810555328937
2025,feat_fin_cb_bw_count,feat_fin_cb_bw_count,6,0.3497271478748905,0.0,1.0,0.0,0.0
2025,feat_fin_insider_holdings_pct,feat_fin_insider_holdings_pct,129,0.36504599425408196,0.0,1.0,0.041673493611756006,4.1673493611756
2025,feat_fin_Total_Revenue,feat_fin_Total_Revenue,117,0.3252891385487304,0.0,1.0,0.08464657139341308,8.464657139341309
2025,feat_fin_Total_Equity,feat_fin_Total_Equity,107,0.16806755477622695,0.0,1.0,0.0723530293125277,7.23530293125277
2025,feat_fin_Total_Assets,feat_fin_Total_Assets,195,0.16624024122673098,0.0,0.8996566681120063,0.06032285947945888,6.032285947945888
2025,feat_fin_has_dividend,feat_fin_has_dividend,2,0.482616415141517,0.0,1.0,0.02681812419897351,2.681812419897351
2025,feat_rd_R&D_Ratio_Pct,feat_rd_R&D_Ratio_Pct,137,0.3850415441222062,0.0,1.0,0.023086790278260376,2.3086790278260376
2025,feat_rd_years_after_listing,feat_rd_years_after_listing,80,0.3141749982995968,0.0,0.9066666666666668,0.017841038150931344,1.7841038150931343
2025,feat_rd_is_tech_listing,feat_rd_is_tech_listing,1,0.0,0.0,0.0,0.0,0.0
2025,feat_rd_absence_3y,최근 3개년 R&D 투자 공백 위험,4,0.2780701685412475,0.0,1.0,0.0,0.0
2025,feat_rd_to_assets_rank_gap,자산 대비 R&D 투자 부족 위험,199,0.28920616413432104,0.0,0.9497716894977168,0.03981327962751567,3.981327962751567
2025,feat_rd_sales_growth_mismatch,매출 성장 대비 R&D 성장 부진 위험,82,0.37829881862347514,0.0,1.0,0.02028012129215787,2.028012129215787
2025,feat_rd_pipeline_disclosure_absence,R&D 성과·파이프라인 공시 부재 위험,4,0.44631864336028276,0.0,1.0,0.009729979803244299,0.9729979803244299
2025,feat_rd_milestone_correction_ratio,R&D 성과 공시 정정 비율 위험,19,0.16268344059350662,0.0,1.0,0.0,0.0
