clean_code,company_name,feat_hype_volatility,feat_hype_volume_surge,feat_hype_momentum,feat_hype_mdd,feat_hype_high_gap,feat_hype_LOG_PSR,feat_hype_LOG_PBR,feat_fin_Capital_Impairment_Ratio,feat_fin_Debt_Ratio_Pct,feat_fin_consecutive_op_loss_years,feat_fin_Paid_In_Capital_Increase,feat_fin_3개년_유상증자_누적횟수,feat_fin_cb_bw_count,feat_fin_insider_holdings_pct,feat_fin_Total_Revenue,feat_fin_Total_Equity,feat_fin_Total_Assets,feat_fin_has_dividend,feat_rd_R&D_Ratio_Pct,feat_rd_years_after_listing,feat_rd_is_tech_listing,feat_rd_absence_3y,feat_rd_to_assets_rank_gap,feat_rd_sales_growth_mismatch,feat_rd_pipeline_disclosure_absence,feat_rd_milestone_correction_ratio,target
000020,동화약품,0.463361840825935,0.5613844828898128,0.2773348519362186,0.092156862745098,0.3785234899328859,0.0,0.0,0.0,0.0754333333333333,0.0,0.0,0.0,0.0,0.3279999999999999,0.0,0.0,0.1120568465310208,1.0,0.717,0.0,0.0,0.6666666666666667,0.4840182648401826,0.0,1.0,0.0,0
000100,유한양행,0.3071525909690902,0.2179904997380485,0.3092178707776878,0.0429752180245646,0.0657333359951562,0.2395010754871979,0.2595338271596359,0.0,0.0780333333333333,0.0,0.0,0.3333333333333333,0.0,0.6631428571428571,0.0,0.0,0.0,1.0,0.6985,0.0,0.0,0.6666666666666667,0.45662100456621,0.0,1.0,0.0,0
000220,유유제약,0.4126292937614462,0.3378699229490838,0.2771186440677966,0.0688622754491018,0.3417989417989418,0.0,0.0,0.0,0.2049666666666666,0.2,0.0,0.0,0.0,0.4228571428571428,0.0,0.0,0.2365029668478767,1.0,0.6895,0.0,0.0,0.6666666666666667,0.452054794520548,0.0,1.0,0.0,0
000230,일동홀딩스,1.0,0.3543550887762462,0.157070707070707,0.3930722891566265,0.6117533718689788,0.0,1.0,0.0,1.0,0.2,0.50050072,0.0,0.0,0.0974285714285713,0.0,0.4638202573877699,0.0214047086548253,1.0,0.1159999999999999,0.0,0.0,0.6666666666666667,0.182648401826484,0.0,1.0,0.0,1
000250,삼천당제약,0.6146146965039572,0.405653534858131,0.4333073322932917,0.1079429735234216,0.1079429735234216,0.5140056936920672,0.6531312757263135,0.0,0.2439333333333333,0.0,0.0,0.6666666666666666,0.0,0.9,0.0,0.0,0.1428440642140653,1.0,0.8455,0.0,0.0,0.6666666666666667,0.7031963470319635,0.0,1.0,0.0,1
000520,삼일제약,0.7172655238911716,0.8460700834573489,0.2718978257197642,0.1255458022379636,0.0734341057267925,0.0,0.1014285351524403,0.0,0.6116666666666667,0.0,0.0,0.0,0.0,0.688,0.0,0.0,0.1492320953326705,1.0,0.919,0.0,0.0,0.6666666666666667,0.812785388127854,0.0,1.0,0.0,0
001060,JW중외제약,0.4982965054855717,0.1600965965896878,0.2526595712749712,0.0737100853541877,0.3883495152078276,0.0,0.1932759444968919,0.0,0.5578,0.0,0.999999349,0.0,0.0,0.2031428571428571,0.0,0.0,0.0673530659994021,1.0,0.7535000000000001,0.0,0.0,0.6666666666666667,0.3972602739726028,0.0,1.0,0.0,0
001360,삼성제약,0.446628835097191,0.4065984231087199,0.2020202229569063,0.1167762825566492,0.4624624282992942,0.4355425493991789,0.2949128345740258,0.0,0.0498,0.2,0.0,0.3333333333333333,0.0,1.0,0.1427000368321875,0.0,0.3094772166250562,1.0,0.9685,0.0,0.0,0.6666666666666667,0.8904109589041096,0.0,1.0,0.0,0
001540,안국약품,0.4449414707610337,0.2666673694128637,0.3331218274111675,0.0945812807881773,0.2178723404255319,0.0,0.0,0.0,0.1490999999999999,0.0,0.0,0.0,0.0,0.0508571428571429,0.0,0.0,0.2166405966001795,1.0,0.6845,0.0,0.0,0.6666666666666667,0.3789954337899544,0.0,1.0,0.0,0
001630,종근당홀딩스,0.2834706744936802,0.1459226881573555,0.2528462998102467,0.0669014084507042,0.3205128205128205,0.0,0.0,0.0,0.3642,0.2,0.0,0.0,0.0,0.058,0.0,0.0,0.0,1.0,0.875,0.0,0.0,0.6666666666666667,0.680365296803653,0.0,1.0,0.0,0
002210,동성제약,0.1706858981580331,0.1976061484857176,0.2515015015015015,0.0514285714285714,0.2586015538290788,0.5685575312482539,1.0,0.0,0.5053,0.2,0.0,0.0,0.0,1.0,0.0149935671444891,0.1842311236243077,0.3225919953569048,1.0,0.7795,0.0,0.0,0.6666666666666667,0.5114155251141552,0.0,1.0,0.0,1
002390,한독,0.3537186203377477,0.2137270051322062,0.2956026058631922,0.0527859237536656,0.2685589519650655,0.0,0.0,0.0,0.4293666666666667,0.0,0.399673,0.0,0.0,0.1868571428571428,0.0,0.0,0.0199763033781538,1.0,0.7795,0.0,0.0,0.6666666666666667,0.5753424657534247,0.0,1.0,0.0,0
002630,오리엔트바이오,0.1690306470273302,0.3528037873857503,0.2380573248407643,0.0612557427258805,0.5637010676156584,0.2991738340717094,0.0,0.0,0.0872,0.2,0.001976462,0.3333333333333333,0.0,0.4108571428571429,0.2902165515418575,0.0399703423317889,0.3263364152291755,1.0,0.506,0.0,0.0,0.6666666666666667,0.6118721461187215,0.0,1.0,0.0,1
002720,국제약품,1.0,0.5334409768711218,0.3836405252315191,0.1763780038696788,0.1654021219517774,0.0,0.1346309666090582,0.0,0.2813,0.0,0.0,0.3333333333333333,0.0,0.3465714285714286,0.0,0.0651668872788784,0.2881906642190301,1.0,0.9225,0.0,0.0,0.6666666666666667,0.7077625570776256,0.0,1.0,0.0,0
002800,신신제약,0.4443174510591445,0.3855215097402597,0.3002958579881656,0.0572450805008944,0.1480916030534351,0.0,0.1289647566915561,0.0,0.3444,0.0,0.0,0.0,0.0,0.0,0.0182812367241815,0.1120201146641264,0.3054835031534851,1.0,0.995,0.52,0.0,0.6666666666666667,0.904109589041096,0.0,1.0,0.0,0
003000,부광약품,0.4802712016108513,0.4727186460137863,0.3294701986754967,0.0951396070320579,0.3470149253731343,0.4436619478307472,0.4386183202997877,0.0,0.1634666666666666,0.2,0.01,0.3333333333333333,0.0,0.554,0.0,0.0,0.1323107750077193,1.0,0.364,0.0,0.0,0.6666666666666667,0.3744292237442922,0.0,1.0,0.0,0
003060,에이프로젠바이오로직스,0.444172695484733,0.4170138539676154,0.16501652704411,0.1405975744889308,0.4448123563503731,0.7202463211237794,0.2109819258178798,0.0,0.1357666666666666,0.2,2.4437e-05,1.0,0.0,1.0,0.0929083125585528,0.0,0.0549515840586707,1.0,0.8325,0.0,0.0,0.6666666666666667,0.8767123287671232,0.0,1.0,0.0,1
003090,대웅,0.3731011099321124,0.1032139842286231,0.2391826923076923,0.0578703703703703,0.3861236802413273,0.0,0.0014661138067371,0.0,0.3536666666666666,0.0,0.030183143,0.6666666666666666,0.0,0.3351428571428571,0.0,0.0,0.0,1.0,0.4995,0.0,0.0,0.6666666666666667,0.30593607305936077,0.0,1.0,0.0,0
003120,일성아이에스,0.3314632452494802,0.1280015931788343,0.1122317596566523,0.1030818278427205,0.3301587301587301,0.1853540213449459,0.0,0.0,0.0369333333333333,0.0,0.0,0.3333333333333333,0.0,0.3374285714285715,0.1064545882293002,0.0,0.1007076352247621,1.0,0.8765,0.0,0.0,0.6666666666666667,0.8812785388127854,0.0,1.0,0.0,0
003220,대원제약,0.5328699443507201,0.3400987557983391,0.3548387096774194,0.0792079207920792,0.0717821782178217,0.0,0.1738901912165939,0.0,0.2719999999999999,0.0,0.0,0.3333333333333333,0.0,0.3494285714285713,0.0,0.0,0.1144582552316298,1.0,0.868,0.0,0.0,0.6666666666666667,0.5662100456621004,0.0,1.0,0.0,0
003520,영진약품,0.8370541202025864,0.6727578633243921,0.3518518518518518,0.1927083333333333,0.411231884057971,0.2943998818253343,0.6976188938758185,0.0344,0.4199,0.2,0.0,0.0,0.0,0.0,0.0,0.023192167533045,0.2307756067512851,1.0,0.671,0.0,0.0,0.6666666666666667,0.34246575342465757,0.0,1.0,0.0,0
003850,보령,0.4765173979063001,0.2807607143887043,0.1963054187192118,0.1982300884955752,0.3939799331103679,0.0018950324948826,0.1456557469901007,0.0,0.2429,0.0,0.0,0.3333333333333333,0.0,0.0,0.0,0.0,0.0164824309838079,1.0,0.726,0.0,0.0,0.6666666666666667,0.4337899543378996,0.0,1.0,0.0,0
004000,롯데정밀화학,0.4033741399223686,0.1827732772028007,0.2456293706293706,0.0869565217391304,0.3629213483146067,0.0,0.0,0.0,0.0604,0.0,0.0,0.0,0.0,0.185142857142857,0.0,0.0,0.0,1.0,0.9705,0.0,0.0,0.6666666666666667,0.8584474885844748,0.0,1.0,0.0,0
004310,현대약품,0.5073971308045776,0.26190482476747,0.1935185185185185,0.0735009671179884,0.3263009845288326,0.0,0.1362785775091009,0.0,0.3643333333333333,0.0,0.0,0.0,0.0,0.5277142857142857,0.0,0.0313532136000951,0.2473130199003712,1.0,0.7424999999999999,0.0,0.0,0.6666666666666667,0.4383561643835616,0.0,1.0,0.0,1
004720,팜젠사이언스,0.5067818964385525,0.8077160299421327,0.2869774919614148,0.1093333333333333,0.3814814814814815,0.0,0.0,0.0,0.1774666666666666,0.0,0.0,0.0,0.0,0.7477142857142858,0.0,0.0,0.1661349132085116,1.0,0.9045,0.0,0.0,0.6666666666666667,0.7762557077625571,0.0,1.0,0.0,0
005500,삼진제약,0.4538037457470645,0.2620001426825036,0.2206422018348623,0.0871886120996441,0.0871886120996441,0.0404151235119151,0.0489956425889037,0.0,0.1582333333333333,0.0,1.0,0.3333333333333333,0.0,0.2177142857142856,0.0,0.0,0.1302928722274424,1.0,0.9335,0.0,0.0,0.6666666666666667,0.7899543378995434,0.0,1.0,0.0,0
006280,녹십자,0.3541968461952967,0.0811219053588216,0.2700803212851406,0.0782918149466192,0.4231625835189309,0.0,0.0394852418976843,0.0,0.2406666666666666,0.0,0.0,0.0,0.0,0.0,0.0,0.0,0.0,1.0,0.441,0.0,0.0,0.6666666666666667,0.33333333333333337,0.0,1.0,0.0,0
006620,동구바이오제약,0.5128566350429374,0.8642648426320945,0.2811418685121107,0.0725075528700906,0.2530413625304136,0.0,0.1795427591496985,0.0,0.2283666666666667,0.0,0.0,0.0,0.0,0.9,0.0,0.0,0.2547741834089976,1.0,0.788,0.58,0.0,0.6666666666666667,0.4246575342465754,0.0,1.0,0.0,0
007370,진양제약,0.3056117037927039,0.3807767974501937,0.3025423728813559,0.0685714285714285,0.1960542540073983,0.016076829474304,0.0138982440926454,0.0,0.1584333333333333,0.0,0.0,0.3333333333333333,0.0,0.2777142857142857,0.0588396310502039,0.0551387194844963,0.3138027143993867,1.0,1.0,0.0,0.0,1.0,0.954337899543379,0.0,1.0,0.0,0
007390,네이처셀,0.6486242235103227,0.2394749850173841,0.2403536977491961,0.21875,0.4403669724770642,1.0,1.0,0.0,0.2149666666666666,0.2,0.001065,1.0,0.0,0.9,0.3362999107250388,0.1214608351163297,0.3422583713642181,1.0,0.629,0.0,0.0,0.6666666666666667,0.6757990867579908,0.0,1.0,0.0,0
007570,일양약품,0.6886442899297714,0.4612714848174509,0.2701612903225806,0.107981220657277,0.3126110124333925,0.0988991311641386,0.1446644815687109,0.0,0.2347999999999999,0.0,0.0,0.3333333333333333,0.0,0.6614285714285714,0.0,0.0,0.1315950067346433,1.0,0.548,0.0,0.0,0.6666666666666667,0.3881278538812786,0.0,1.0,0.0,0
008490,서흥,0.3219918339192793,0.4635816035002896,0.2613981762917933,0.0375375375375375,0.2386877828054298,0.0,0.0,0.0,0.3613,0.0,0.0,0.0,0.0,0.0,0.0,0.0,0.0110642547050385,1.0,0.942,0.0,0.0,0.6666666666666667,0.817351598173516,0.0,1.0,0.0,0
009290,광동제약,0.3355925653664502,0.325091453556363,0.2483277591973244,0.0802469135802469,0.2269779507133592,0.0,0.0,0.0,0.2480666666666666,0.0,0.0,0.3333333333333333,0.0,0.8714285714285714,0.0,0.0,0.0101910055349829,1.0,0.966,0.0,0.0,0.6666666666666667,0.7579908675799087,0.0,1.0,0.0,0
009300,삼아제약,0.6577454759088874,0.3075851021155471,0.3241379310344827,0.1347708894878706,0.1590909090909091,0.0641533889039514,0.0,0.0,0.0416666666666666,0.0,0.0,0.0,0.0,0.9,0.0438901950974841,0.0,0.2306935634501901,1.0,0.769,0.0,0.0,0.6666666666666667,0.6666666666666667,0.0,1.0,0.0,0
009420,한올바이오파마,0.6999854484025201,0.1680618624967824,0.3723776223776224,0.0573065902578796,0.1720930232558139,0.6197232242852312,0.6213881706034566,0.0,0.0895333333333333,0.0,0.0059862,0.6666666666666666,0.0,0.3365714285714286,0.0,0.0,0.2235671109278604,1.0,0.25,0.0,0.0,0.6666666666666667,0.31506849315068497,0.0,1.0,0.0,0
011000,진원생명과학,0.8319350612620239,0.5191417571204154,0.1052238805970149,0.2222222222222222,0.6119565217391304,0.760591717225854,0.4696662626448121,0.0,0.0760333333333333,0.2,0.0382444,1.0,0.0,0.9594285714285714,0.1561539365388604,0.0,0.2173182812130107,1.0,0.0,0.0,0.0,0.6666666666666667,0.3926940639269406,0.0,1.0,0.0,1
011040,경동제약,0.3652368751502705,0.171410314749318,0.2868349249658936,0.0630952380952381,0.3653225806451612,0.0439495902446238,0.0,0.0,0.0686333333333333,0.0,0.0,0.0,0.0,0.9,0.0,0.0,0.1693230986815409,1.0,0.6545,0.0,0.0,0.6666666666666667,0.497716894977169,0.0,1.0,0.0,0
011170,롯데케미칼,0.5724278843457414,0.1312246113887714,0.3642352239168055,0.1249175973768141,0.1977876241045157,0.0,0.0,0.0,0.2196999999999999,0.2,0.0,0.3333333333333333,0.0,0.0,0.0,0.0,0.0,1.0,0.977,0.0,0.0,0.6666666666666667,0.8675799086757991,0.0,1.0,0.0,0
012790,신일제약,0.3813143305311597,0.9343678953220388,0.2943349701322451,0.0481926879890824,0.2571428522659063,0.0604093194008222,0.0,0.0,0.0528666666666666,0.0,0.0,0.0,0.0,0.4962857142857142,0.0484358114277689,0.0,0.2817251718409638,1.0,0.796,0.0,0.0,0.6666666666666667,0.6301369863013699,0.0,1.0,0.0,0
014570,고려제약,0.5745564264500831,0.8827705791922057,0.2762096774193548,0.0910165484633569,0.1826722338204593,0.0170778383567337,0.0002391664262024,0.0,0.0385666666666666,0.0,0.00036106,1.0,0.0,0.0,0.0484982870677725,0.0360259088287318,0.3414976734909855,1.0,1.0,0.0,0.0,1.0,0.954337899543379,0.0,1.0,0.0,0
014950,삼익제약,0.0,0.0,0.25,0.0,0.0,,,0.0,0.0,0.0,0.0,0.3333333333333333,0.0,0.0,1.0,1.0,0.8996566681120063,1.0,1.0,0.9933333333333332,0.0,1.0,0.954337899543379,0.0,1.0,0.0,1
016580,환인제약,0.1494036036763013,0.1391094970399482,0.2676470588235294,0.0331491712707182,0.0356164383561643,0.0883866140613106,0.0,0.0,0.0354333333333333,0.0,0.0,0.3333333333333333,0.0,0.7634285714285713,0.0,0.0,0.144177672459597,1.0,0.9165,0.0,0.0,0.6666666666666667,0.7853881278538812,0.0,1.0,0.0,0
017180,명문제약,0.8957066411388812,1.0,0.2894736842105263,0.140625,0.3932346723044397,0.0,0.0313202603980239,0.0,0.5033333333333333,0.0,0.0,0.0,0.0,0.7477142857142858,0.0,0.0240348135978205,0.2124745403997051,1.0,0.944,0.0,0.0,0.6666666666666667,0.821917808219178,0.0,1.0,0.0,0
017860,DS단석,0.0,0.0,0.25,0.0,0.0,0.0,0.4965441348784221,0.0,1.0,0.0,0.0,0.6666666666666666,0.0,0.2825714285714286,0.0,0.0,0.0825001504013845,1.0,1.0,0.9733333333333334,0.0,1.0,0.954337899543379,0.0,1.0,0.0,0
018620,우진비앤지,0.2888003570877716,0.1695559294345971,0.1458868894601542,0.149171270718232,0.4110898661567878,0.0052195065827926,0.0852279988100795,0.0,0.2543999999999999,0.0,0.0,0.0,0.0,0.9,0.1797420630175477,0.2260050931749226,0.3461574123780456,1.0,0.969,0.0,0.0,0.6666666666666667,0.8858447488584476,0.0,1.0,0.0,0
018680,서울제약,1.0,0.7212671610338278,0.3473871733966746,0.2199661590524534,0.4322799097065463,0.0465626896010506,0.1861862574895848,0.0,0.2541333333333333,0.0,0.0,0.0,0.0,0.9,0.1502687843159984,0.2253654300675807,0.4015400311380132,1.0,0.674,0.0,0.0,0.6666666666666667,0.4018264840182648,0.0,1.0,0.0,0
019170,신풍제약,0.4739021833666191,0.5796448578762082,0.2633495145631068,0.1291666666666666,0.5705583756345177,0.4719710358976013,0.4250565168652842,0.0,0.0311333333333333,0.2,0.0,0.0,0.0,0.5145714285714287,0.0,0.0,0.1472827937530105,1.0,0.274,0.0,0.0,0.6666666666666667,0.27853881278538817,0.0,1.0,0.0,0
023910,대한약품,0.2635209158483216,0.1907495527047089,0.3441747572815534,0.0303514376996805,0.0223642172523961,0.0,0.0,0.0,0.0762666666666666,0.0,0.0,0.0,0.0,0.3025714285714287,0.0,0.0,0.1858505754692867,1.0,0.9845,0.0,0.0,0.6666666666666667,0.8995433789954338,0.0,1.0,0.0,0
025000,KPX케미칼,0.2164330623271354,0.45138094251518,0.2801455337164512,0.0256917148461299,0.074410148633095,0.0,0.0,0.0,0.1036666666666666,0.0,0.0,0.3333333333333333,0.0,0.0,0.0,0.0,0.0365676725861016,1.0,1.0,0.0,0.0,1.0,0.954337899543379,0.0,1.0,0.0,0
025620,차AI헬스케어,0.6848123093959227,0.4210329444673064,0.087248322147651,0.2358247422680412,0.790625,0.6017696764475472,0.055673331044322,0.0,0.0545333333333333,0.2,0.0,0.6666666666666666,0.0,0.0,0.6021905099790574,0.1904855792177047,0.4384236881474498,1.0,1.0,0.0,0.0,1.0,0.954337899543379,0.0,1.0,0.0,1
032300,한국파마,0.4874883472825704,0.1957104202657212,0.1696078431372549,0.1422845691382765,0.5795677799607073,0.3110539785792575,0.5027619039428033,0.0,0.3964,0.0,0.0,0.0,0.0,0.0,0.0456786311864121,0.1115933499308052,0.2943013097695335,1.0,0.8485,0.7466666666666667,0.0,0.6666666666666667,0.6621004566210046,0.0,1.0,0.0,0
033270,유나이티드,0.4879105547599638,0.2586957087822188,0.182509505703422,0.130019120458891,0.5225603357817419,0.0659607486666599,0.0,0.0,0.0789666666666666,0.0,0.0,0.6666666666666666,0.0,0.2322857142857143,0.0,0.0,0.1263123735702466,1.0,0.704,0.0,0.0,0.6666666666666667,0.5159817351598174,0.0,1.0,0.0,0
034940,조아제약,0.5967727398730188,1.0,0.251063829787234,0.1150943396226415,0.4022842639593909,0.016910522124965,0.1191027165576096,0.0,0.2159333333333333,0.2,0.0,0.0,0.0,0.8571428571428572,0.0809544959929562,0.1385028820999547,0.3557754461993264,1.0,0.9055,0.0,0.0,0.6666666666666667,0.6986301369863014,0.0,1.0,0.0,0
036220,오상헬스케어,0.0,0.0,0.25,0.0,0.0,0.0,0.0,0.0,0.0822,0.0,0.25704,1.0,0.0,0.0,0.0,0.0,0.2011601980505061,1.0,0.688,0.9866666666666668,0.0,0.6666666666666667,0.4200913242009132,0.0,1.0,0.0,1
036480,대성미생물,0.3735208016125624,1.0,0.2335680751173708,0.0844444444444444,0.3397435897435897,0.1259744514748676,0.00286590073231,0.0,0.2255,0.2,0.0,0.0,0.0,0.3257142857142856,0.2967293592515974,0.2053748697393045,0.3954523129695934,1.0,1.0,0.0,0.0,1.0,0.954337899543379,0.0,1.0,0.0,0
039200,오스코텍,0.7042501735670542,0.1759402849416121,0.2052631578947368,0.1690821256038647,0.5247989639312671,1.0,0.6228858252792948,0.0,0.0596333333333333,0.2,1.0,1.0,0.0,0.9,0.6478227797025431,0.0,0.2808117856247575,1.0,0.0,0.0,0.0,0.6666666666666667,0.15981735159817356,0.0,1.0,0.0,0
041910,폴라리스AI파마,0.686799273554501,1.0,0.2239304812834224,0.1321909424724602,0.3082926829268292,0.1227439740309169,0.0,0.0,0.0236333333333333,0.0,0.0,0.3333333333333333,0.0,0.9,0.1036769409115558,0.0,0.3018208217890658,1.0,0.8035,0.0,0.0,0.6666666666666667,0.6529680365296804,0.0,1.0,0.0,0
047920,HLB제약,0.4191062480537944,0.0846398479595716,0.0791925465838509,0.1814671814671814,0.5699797160243407,0.3451499105154472,0.5161385004917327,0.0,0.2181999999999999,0.2,0.0,1.0,0.0,0.8305714285714285,0.0,0.0329312450282603,0.2823901062956331,1.0,0.8565,0.4399999999999999,0.0,0.6666666666666667,0.639269406392694,0.0,1.0,0.0,1
048530,인트론바이오,0.5257152727393063,0.2043869262282194,0.1389952153110047,0.134185303514377,0.6394678492239468,0.8486701540254952,0.3179052145248133,0.0,0.1091666666666666,0.2,0.0,0.0,0.0,0.896,0.4268277765808541,0.0,0.2836361754349669,1.0,0.0,0.1133333333333332,0.0,0.6666666666666667,0.6255707762557078,0.0,1.0,0.0,1
049180,셀루메드,1.0,0.5100031017599839,0.1898194583751253,0.2728026533996683,0.4025885558583106,0.1998879087828012,0.5526548923158374,0.0,0.2356,0.2,0.0,0.6666666666666666,0.0,0.9845714285714284,0.0,0.1340253330721879,0.3434411780486073,1.0,0.9375,0.0,0.0,0.6666666666666667,0.6849315068493151,0.0,1.0,0.0,1
049960,쎌바이오텍,0.285670483544098,0.1393110206929814,0.3272727272727272,0.0342205323193916,0.345360824742268,0.1594957871068437,0.0,0.0,0.0239,0.0,0.0,0.0,0.0,0.9,0.14824362050937,0.0,0.312048849142041,1.0,0.648,0.0,0.0,0.6666666666666667,0.54337899543379,0.0,1.0,0.0,0
052260,현대바이오랜드,0.7233182412649849,0.3805461903379886,0.2967479674796748,0.1324503311258278,0.2807486631016043,0.4126508762882743,0.4202819736678864,0.0,0.1207,0.0,0.0,0.0,0.0,0.9,0.0018459205430074,0.0,0.2514157464471486,1.0,0.6234999999999999,0.0,0.0,0.6666666666666667,0.4703196347031964,0.0,1.0,0.0,0
053030,바이넥스,0.4808274407662115,0.0688897262917961,0.2478448275862069,0.0532786885245901,0.3304347826086956,0.2509302566218068,0.2408414067136062,0.0,0.1846333333333333,0.0,0.0,0.0,0.0,0.9,0.0,0.0,0.1750622388313593,1.0,0.9485,0.0,0.0,0.6666666666666667,0.8538812785388128,0.0,1.0,0.0,1
053950,경남제약,1.0,0.3390813203775104,0.4267676754936638,0.1298701106150756,0.5239787091702571,0.3002110793988355,0.205966826129539,0.0,0.1581666666666666,0.2,1.0,0.3333333333333333,0.0,0.9,0.1145724382325097,0.0139662470245296,0.2864253388211969,1.0,1.0,0.0,0.0,1.0,0.954337899543379,0.0,1.0,0.0,1
054670,대한뉴팜,0.4211803583730578,1.0,0.2341269841269841,0.1019978969505783,0.3720588235294118,0.0,0.0561311167527877,0.0,0.2149666666666666,0.0,0.0,0.0,0.0,0.2714285714285714,0.0,0.0,0.257064202725628,1.0,0.9425,0.0,0.0,0.6666666666666667,0.7214611872146119,0.0,1.0,0.0,0
058820,CMG제약,0.6378945991568161,0.3120779174604339,0.2113733905579399,0.1348088531187122,0.4501278772378516,0.3976509667641351,0.1999635740242161,0.0,0.0510333333333333,0.0,0.0,0.0,0.0,0.7348571428571429,0.0425709342232476,0.0,0.2236966100178499,1.0,0.7985,0.0,0.0,0.6666666666666667,0.6940639269406392,0.0,1.0,0.0,1
059210,메타바이오메드,0.3440633419165312,0.1876278724691572,0.2738095238095238,0.0571428571428571,0.2803738317757009,0.0,0.0130233705607816,0.0,0.3170666666666666,0.0,0.0,0.0,0.0,0.9,0.0807596231843801,0.1087959786073655,0.3056516263820276,1.0,0.685,0.0,0.0,0.6666666666666667,0.5205479452054795,0.0,1.0,0.0,0
060590,씨티씨바이오,0.3544243973318832,0.099158828110958,0.2159763313609467,0.1463414634146341,0.4375,0.0,0.1744920791836998,0.0,0.3280666666666667,0.0,0.0,0.0,0.0,0.0051428571428571,0.0,0.0136603673284056,0.2432418713924798,1.0,0.927,0.0,0.0,0.6666666666666667,0.730593607305936,0.0,1.0,0.0,1
061250,화일약품,1.0,0.2414581055359386,0.4364197530864198,0.1264367816091954,0.2256267409470752,0.1682223499294849,0.1060917896954249,0.0,0.0190333333333333,0.0,0.50924313,0.3333333333333333,0.0,0.1522857142857142,0.0,0.0,0.2438095930752908,1.0,0.976,0.0,0.0,0.6666666666666667,0.8721461187214612,0.0,1.0,0.0,0
063160,종근당바이오,0.5411807597545878,0.6604316661793728,0.2884615384615384,0.1094339622641509,0.44,0.0,0.0,0.0,0.3716666666666666,0.2,0.0,0.0,0.0,0.3097142857142858,0.0,0.0,0.1683411788929442,1.0,0.5055,0.0,0.0,0.6666666666666667,0.4155251141552512,0.0,1.0,0.0,0
064550,바이오니아,0.5893620881120318,0.2223552949661842,0.314299424184261,0.16,0.4787234042553192,0.3661843100111955,0.4312794872979983,0.0,0.0779666666666666,0.0,0.0,0.0,0.0,0.9,0.0,0.0,0.1749034942711151,1.0,0.6165,0.0,0.0,0.6666666666666667,0.3835616438356164,0.0,1.0,0.0,1
066700,테라젠이텍스,0.3908382544985866,0.1435425072726677,0.295679012345679,0.0531453362255965,0.3333333333333333,0.0,0.0448450187441582,0.0,0.2063333333333333,0.0,0.0,0.3333333333333333,0.0,0.9,0.0,0.0,0.2026964420796476,1.0,0.868,0.0,0.0,0.6666666666666667,0.6438356164383562,0.0,1.0,0.0,0
067080,대화제약,0.651427758397504,0.27198989195917,0.1384297520661156,0.1493212669683258,0.2295081967213114,0.0651914066066665,0.2759358000409005,0.0,0.5015999999999999,0.0,0.0,0.0,0.0,0.6691428571428573,0.0,0.0539733882323938,0.2336745650874737,1.0,0.7965,0.0,0.0,0.6666666666666667,0.5936073059360731,0.0,1.0,0.0,0
067290,JW신약,0.5148022520122884,0.591765910173865,0.2968436055504067,0.0767160216337599,0.2993566210664897,0.1570518448151983,0.4214109369036223,0.0,0.2287,0.0,0.0,0.0,0.0,0.9,0.0,0.1260092578935845,0.3421461039763844,1.0,0.873,0.0,0.0,0.6666666666666667,0.5707762557077626,0.0,1.0,0.0,0
067370,선바이오,0.7843085740317544,0.5451629497831151,0.2734741784037559,0.0823045267489712,0.5808270676691729,0.8543357345293694,0.6420344554906813,0.0,0.2665,0.0,0.651838025,0.0,0.0,0.522,0.5647865131097429,0.3113533325973918,0.4558516363094279,1.0,0.1474999999999999,0.8933333333333333,0.0,0.6666666666666667,0.5570776255707763,0.0,1.0,0.0,0
068270,셀트리온,0.3730993214961661,0.1042024250707021,0.2409411642854833,0.0828572042821414,0.2144941199247064,0.7627264774021841,0.7383748514103275,0.0,0.1302333333333333,0.0,0.986216157,1.0,0.0,0.4014285714285713,0.0,0.0,0.0,1.0,0.694,0.58,0.0,0.6666666666666667,0.6210045662100456,0.0,1.0,0.0,0
068760,셀트리온제약,0.5167530938433624,0.196264586083703,0.295380404382479,0.0745059523209062,0.4835663885349631,0.5647248442673516,0.7383699734710186,0.0,0.2269666666666666,0.0,0.087055605,1.0,0.0,0.0,0.0,0.0,0.0740160577971457,1.0,0.8965,0.0,0.0,0.6666666666666667,0.726027397260274,0.0,1.0,0.0,0
069620,대웅제약,0.4449346445528887,0.1819298386368878,0.2563897763578274,0.0456026058631921,0.1766233766233766,0.1040691100341742,0.4056214478092791,0.0,0.4507,0.0,0.0,0.3333333333333333,0.0,0.0,0.0,0.0,0.0,1.0,0.361,0.0,0.0,0.6666666666666667,0.2374429223744292,0.0,1.0,0.0,0
078140,대봉엘에스,0.419203407105216,0.8185737611942105,0.2134570765661252,0.0817073170731707,0.2497652582159624,0.0,0.0,0.0,0.1072666666666666,0.0,0.0,0.0,0.0,0.9,0.0145840850041452,0.0,0.2433891711682031,1.0,0.7265,0.0,0.0,0.6666666666666667,0.5799086757990868,0.0,1.0,0.0,0
078160,메디포스트,0.3645242550705825,0.052626198458722,0.2602739659532554,0.066006536188395,0.4269230967164113,0.6044054857565383,0.3784724150887379,0.0,0.3986,0.2,1.0,0.3333333333333333,0.0,0.9,0.0962303631079928,0.0,0.1334483843042821,1.0,0.0,0.0,0.0,0.6666666666666667,0.4292237442922374,0.0,1.0,0.0,1
080720,한국유니온제약,1.0,0.4172986969038907,0.354906937394247,0.1619897959183673,0.3317757009345794,0.0,0.0,0.0,0.4382333333333333,0.0,0.0,0.0,0.0,0.6360000000000001,0.1062928234436011,0.1566269728382794,0.3162532033537341,1.0,0.925,0.6133333333333333,0.0,0.6666666666666667,0.8082191780821918,0.0,1.0,0.0,0
082800,비보존 제약,0.9980067813951868,0.8671433444293198,0.2325757575757575,0.1997455470737913,0.48,0.3868932395422333,0.2287581377795741,0.2316,0.2693666666666667,0.2,1.0,0.3333333333333333,0.0,0.9,0.1438254072099587,0.0,0.2426618880108618,1.0,0.813,0.0,0.0,0.6666666666666667,0.7625570776255708,0.0,1.0,0.0,1
083790,CG인바이츠,0.3759318907689031,1.0,0.2835365853658537,0.0729023383768913,0.4799405646359584,1.0,0.1319346283564717,0.0,0.2287333333333333,0.2,1.0,0.3333333333333333,0.0,0.9,0.6821913012675296,0.0,0.1637726835416076,1.0,0.0,0.0,0.0,0.6666666666666667,0.6575342465753424,0.0,1.0,0.0,1
084110,휴온스글로벌,0.353284368587364,0.1321386944730303,0.2608991825613079,0.0786240786240786,0.5345744745321577,0.0,0.0,0.0,0.3282333333333333,0.0,0.700686,0.6666666666666666,0.0,0.9,0.0,0.0,0.0,1.0,0.6045,0.0,0.0,0.6666666666666667,0.4748858447488584,0.0,1.0,0.0,1
084990,헬릭스미스,1.0,0.3501619255416958,0.1227915194346289,0.2527075812274368,0.5934489402697495,1.0,0.2979293046394739,0.0,0.0578,0.2,1.0,0.6666666666666666,0.0,0.9,0.7764514281794952,0.0,0.1983535282762988,1.0,0.0,0.0,0.0,0.6666666666666667,0.22374429223744297,0.0,1.0,0.0,0
085660,차바이오텍,0.4519127557099202,0.122452304746252,0.1936860068259385,0.1095890410958904,0.35,0.0477572539316404,0.4525168264538418,0.0,1.0,0.2,0.009965301,1.0,0.0,0.7211428571428571,0.0,0.0,0.0,1.0,0.915,0.0,0.0,0.6666666666666667,0.7945205479452055,0.0,1.0,0.0,0
086450,동국제약,0.5761851695022413,0.1643143841031178,0.2425816023738872,0.0594900849858356,0.2638580931263858,0.0316742223743158,0.1417934270642172,0.0,0.1575666666666667,0.0,0.0,0.3333333333333333,0.0,0.9,0.0,0.0,0.0381507205396266,1.0,0.835,0.0,0.0,0.6666666666666667,0.5616438356164384,0.0,1.0,0.0,0
086820,바이오솔루션,0.3110655260945938,0.1079983884477146,0.1706349109468006,0.1166666870117187,0.5115207595693954,0.6271423491239897,0.2461800016447766,0.0,0.3651666666666666,0.2,0.035,0.3333333333333333,0.0,0.924,0.4978040005288218,0.1793864277602574,0.3458286662167223,1.0,0.0,0.6133333333333333,0.0,0.6666666666666667,0.4794520547945206,0.0,1.0,0.0,0
086890,이수앱지스,0.3988018487313503,0.0987082203900839,0.239778534923339,0.097331240188383,0.4215291750503018,0.5033544825561201,0.4669167726007627,0.0,0.3770666666666666,0.2,0.0,0.3333333333333333,0.0,0.9,0.1927098479436733,0.095520413003765,0.2874742389478767,1.0,0.0,0.0,0.0,0.6666666666666667,0.25114155251141557,0.0,1.0,0.0,0
086900,메디톡스,0.4564782548658453,0.1115626207962891,0.3478647790721054,0.0440627333831217,0.0895483439604558,0.4299610213939701,0.2498651171089621,0.0,0.1266666666666666,0.0,0.0,1.0,0.0,0.8154285714285714,0.0,0.0,0.0748478687970953,1.0,0.4019999999999999,0.0,0.0,0.6666666666666667,0.5022831050228311,0.0,1.0,0.0,0
087010,펩트론,0.664253939951744,1.0,0.2042755344418052,0.1893424036281179,0.3108108108108108,1.0,0.4462151344424217,0.0,0.0951666666666666,0.2,0.0,0.6666666666666666,0.0,0.9,0.6177626532330089,0.1374144167620201,0.3885803429421438,1.0,0.0,0.4066666666666666,0.0,0.6666666666666667,0.12328767123287676,0.0,1.0,0.0,0
095700,제넥신,0.7511078308721117,0.1594255596830083,0.1805807176864647,0.1552511463171247,0.6701482033122931,1.0,0.3232101534928843,0.0,0.1361666666666666,0.2,0.197595806,0.3333333333333333,0.0,0.8991428571428571,0.3960612564976307,0.0,0.136764949139407,1.0,0.0,0.02,0.0,0.6666666666666667,0.35159817351598177,0.0,1.0,0.0,0
096530,씨젠,0.5842494144834163,0.0915566001387069,0.2322695035460993,0.1193277310924369,0.5795981452859351,0.1096450958421666,0.0283467001439187,0.0,0.0698333333333333,0.0,0.0,0.0,0.0,0.6071428571428572,0.0,0.0,0.0,1.0,0.445,0.0866666666666666,0.0,0.6666666666666667,0.3470319634703196,0.0,1.0,0.0,0
099430,바이오플러스,0.5907896612863098,0.2834352760451035,0.2088429752066115,0.1274900398406374,0.1953623188405797,0.5935823101852986,0.4901176176583709,0.0,0.0928666666666666,0.0,1.0,0.6666666666666666,0.0,0.592,0.1231364120309672,0.0,0.2780362928152513,1.0,0.9045,0.82,0.0,0.6666666666666667,0.8264840182648402,0.0,1.0,0.0,0
102460,이연제약,0.7994362431630161,0.5755315130663934,0.29125,0.0735930735930736,0.431011826544021,0.278413474682791,0.1741704067233234,0.0,0.3187666666666666,0.0,0.0,0.0,0.0,0.0,0.0,0.0,0.1048447932925983,1.0,0.7825,0.0666666666666666,0.0,0.6666666666666667,0.7123287671232876,0.0,1.0,0.0,0
102940,코오롱생명과학,0.2818395605031201,0.0800871188550093,0.0613636363636363,0.1517027863777089,0.432712215320911,0.219069887767586,0.2613719866061806,0.0,0.2909333333333333,0.0,0.0,0.3333333333333333,0.0,0.9,0.0,0.0,0.167635777366371,1.0,0.5795,0.0,0.0,0.6666666666666667,0.4611872146118722,0.0,1.0,0.0,0
106190,하이텍팜,0.5136868521042054,0.8778415498291618,0.3372844850549233,0.1244813252787594,0.2158273832401014,0.0,0.0,0.0,0.1076,0.0,0.0,0.0,0.0,0.1379999999999999,0.0,0.0001327124943841,0.2929206735751037,1.0,1.0,0.0799999999999999,0.0,1.0,0.954337899543379,0.0,1.0,0.0,0
109820,진매트릭스,0.5447324640975568,0.4983696682120334,0.168041237113402,0.1906187624750499,0.6210280373831776,0.5811729211041196,0.446124694761549,0.0,0.1063666666666666,0.2,0.0,0.0,0.0,0.9728571428571428,0.4751104544105038,0.3082206941742704,0.4987259482222678,1.0,0.0,0.0266666666666666,0.0,0.6666666666666667,0.2831050228310502,0.0,1.0,0.0,1
114450,그린생명과학,1.0,0.6976504685073293,0.4162921348314606,0.1960950764006791,0.5330708661417323,0.2481266023711135,0.1764802707916782,0.0,0.062,0.2,0.0,0.3333333333333333,0.0,0.9,0.2188243769942444,0.1393462898193078,0.4015315376517913,1.0,0.9415,0.0400000000000001,0.0,0.6666666666666667,0.8310502283105023,0.0,1.0,0.0,0
115180,큐리언트,0.5157342281530832,0.6620210027386572,0.0,0.1885245704013316,0.6501650278754841,1.0,0.7883283093613463,0.0,0.0352666666666666,0.2,0.0,1.0,0.0,0.6842857142857143,0.5360953996745064,0.2546444428396484,0.471845624692944,1.0,0.0,0.4533333333333333,0.0,0.6666666666666667,0.0182648401826484,0.0,1.0,0.0,0
120240,대정화금,0.5111741422959906,0.9452843957553568,0.094420600858369,0.1083333333333333,0.3354037267080745,0.0515698135941451,0.0,0.0,0.0617666666666666,0.0,0.0,0.0,0.0,0.9,0.0074937180530474,0.0,0.2533172309155395,1.0,0.919,0.1066666666666666,0.0,0.6666666666666667,0.7808219178082192,0.0,1.0,0.0,0
128940,한미약품,0.4248177491227652,0.212021297870213,0.4079221176419091,0.0287907858701798,0.0618518196664097,0.3008462048267389,0.5342214332171108,0.0,0.3499666666666666,0.0,0.0,0.3333333333333333,0.0,0.0,0.0,0.0,0.0,1.0,0.4205,0.0799999999999999,0.0,0.6666666666666667,0.29680365296803657,0.0,1.0,0.0,0
131030,옵투스제약,0.2640871145600247,0.8046587689387282,0.2492063492063492,0.0416024653312788,0.1624500665778961,0.1564826610308315,0.0,0.0,0.0315333333333333,0.0,0.0,0.6666666666666666,0.0,0.1228571428571427,0.1158380847970876,0.0,0.2885648002009766,1.0,0.8855,0.0999999999999999,0.0,0.6666666666666667,0.7671232876712328,0.0,1.0,0.0,1
140410,메지온,0.8201952434739996,0.1321138212441546,0.2029616724738676,0.1034482758620689,0.8282694848084544,0.749266354837524,0.9993281251962056,0.0,0.3529333333333333,0.2,0.0312,1.0,0.0,0.9,0.2562457403085458,0.2905176477060092,0.4224768720133429,1.0,0.639,0.1733333333333333,0.0,0.6666666666666667,0.4931506849315068,0.0,1.0,0.0,1
141080,리가켐바이오,0.7352773251244173,0.7408776179076819,0.3647776183644189,0.1476590636254501,0.2455985915492957,1.0,0.7239941578536857,0.0,0.05,0.2,0.33897405,1.0,0.0,0.5922857142857143,0.2380484867724837,0.0,0.1992287493865223,1.0,0.0,0.26,0.0,0.6666666666666667,0.11415525114155256,0.0,1.0,0.0,0
142760,모아라이프플러스,0.3414175948222959,0.101666159654101,0.1135437881873727,0.1292682926829268,0.7659016393442623,0.542826220072817,0.6871296002387927,0.0,1.0,0.2,0.057323831,0.6666666666666666,0.0,0.9174285714285714,0.3287458624074384,0.3318993471027269,0.2761724474976894,1.0,0.124,0.4733333333333333,0.0,0.6666666666666667,0.6073059360730594,0.0,1.0,0.0,1
153710,옵티팜,0.2186709783150674,0.5217664147690736,0.1618683901292597,0.1398773006134969,0.4346774193548387,0.5468775631951925,0.467293353521208,0.0,0.1398333333333333,0.2,0.02505,0.0,0.0,0.2571428571428571,0.3978287919478189,0.2687163700309165,0.461763216897418,1.0,0.1779999999999999,0.6266666666666667,0.0,0.6666666666666667,0.365296803652968,0.0,1.0,0.0,0
161890,한국콜마,0.4864578075327432,0.1936242811618862,0.3120052770448548,0.04,0.1161825726141078,0.0,0.1532056542146425,0.0,0.7347666666666667,0.0,0.0,0.3333333333333333,0.0,0.3334285714285715,0.0,0.0,0.0,1.0,0.934,0.2266666666666666,0.0,0.6666666666666667,0.7990867579908676,0.0,1.0,0.0,0
166480,코아스템켐온,0.5195915898122658,0.5671431642964647,0.1513429752066115,0.221442885771543,0.5877984084880636,0.4586313629596436,0.6394771067849141,0.0,0.3315,0.2,0.0544,0.6666666666666666,0.0,1.0,0.1691995198876306,0.2065141705612383,0.3710681920917077,1.0,0.0,0.4066666666666666,0.0,0.6666666666666667,0.17808219178082196,0.0,1.0,0.0,0
170900,동아에스티,0.2658235186648775,0.1068726827592887,0.359194527510811,0.0439560409525344,0.1446068838853674,0.0,0.0,0.0,0.2320999999999999,0.0,0.0,0.6666666666666666,0.0,0.0814285714285715,0.0,0.0,0.0,1.0,0.3059999999999999,0.26,0.0,0.6666666666666667,0.32420091324200917,0.0,1.0,0.0,0
174900,앱클론,0.6478448950594908,0.0997507156820796,0.2071428571428571,0.1949685534591195,0.4398249452954048,1.0,0.6997581358233665,0.0,0.1568333333333333,0.2,1.0,1.0,0.0,0.872,0.7339919560075234,0.2174482224255287,0.422478419441088,1.0,0.0,0.5533333333333335,0.0,0.6666666666666667,0.1643835616438356,0.0,1.0,0.0,1
176750,듀켐바이오,0.4402304047345927,0.4577348889904792,0.1479099678456591,0.1144901610017889,0.4297235023041474,0.4307251870790115,0.7667047318671744,0.0,0.6395666666666667,0.0,0.0,0.3333333333333333,0.0,0.0,0.2445780405990341,0.3773187429230855,0.4298159078956191,1.0,0.9975,0.9933333333333332,0.0,0.33333333333333337,0.908675799086758,1.0,1.0,0.0,0
179530,애드바이오텍,0.913147240237249,0.7829230730629835,0.1370967741935483,0.2582781456953642,0.6363636363636364,0.4075824417214162,0.3567122253120284,0.0,0.3054666666666666,0.2,0.99276143,0.3333333333333333,0.0,0.6631428571428571,0.486701187594452,0.3954399088297196,0.5027947794466481,1.0,0.4775,0.8466666666666667,0.0,0.6666666666666667,0.5251141552511416,0.0,1.0,0.0,0
182400,엔케이젠바이오텍코리아,0.7070169854998516,0.0801893735718323,0.2749042145593869,0.165625,0.4315352697095436,0.9423909098028996,1.0,0.0,0.0,0.0,0.724617281,0.3333333333333333,0.0,0.9,1.0,1.0,0.8996566681120063,1.0,1.0,0.4266666666666666,0.0,1.0,0.954337899543379,0.0,1.0,0.0,0
183490,엔지켐생명과학,0.6896964492267817,0.1556545356624628,0.112938596491228,0.1546391752577319,0.8305460807331858,0.4602474960583191,0.0,0.0,0.0757,0.2,1.0,0.6666666666666666,0.0,1.0,0.2872521988627197,0.0,0.2021094402882836,1.0,0.0,0.58,0.0,0.6666666666666667,0.6027397260273972,0.0,1.0,0.0,0
185490,아이진,0.5833821102364481,0.3469411461022199,0.1187683284457478,0.1939102564102564,0.7575903614457832,0.9895163011556252,0.3070044566560501,0.0,0.0570666666666666,0.2,0.0,1.0,0.0,0.6168571428571428,0.6381304451077279,0.0878452939256089,0.3649484495854237,1.0,0.0,0.4333333333333333,0.0,0.6666666666666667,0.1095890410958904,0.0,1.0,0.0,1
185750,종근당,0.3801201033137062,0.1164620922485299,0.3105006441312085,0.0558051032812581,0.2519401168543502,0.0,0.1680869747992015,0.0,0.2697,0.0,0.0,0.0,0.0,0.135142857142857,0.0,0.0,0.0,1.0,0.4075,0.3,0.0,0.6666666666666667,0.16894977168949776,0.0,1.0,0.0,0
187660,페니트리움바이오,0.4756148489437368,0.479583133695393,0.2235632183908046,0.1082251082251082,0.7166437414030261,0.595641671737708,0.4850713607838281,0.0,0.1712,0.2,0.99999584,0.0,0.0,0.1779999999999999,0.4136612405160802,0.2589878474738727,0.4448300846782574,1.0,0.8029999999999999,0.8,0.0,0.6666666666666667,0.7397260273972603,0.0,1.0,0.0,1
191420,테고사이언스,0.5740883475623524,0.1986430722786322,0.1288819875776397,0.1277372262773722,0.4577777777777778,0.7477626917581398,0.2578050494136478,0.0,0.0197666666666666,0.0,0.0,0.0,0.0,0.9,0.5573650234083258,0.156698073245062,0.4297836737289587,1.0,0.0,0.36,0.0,0.6666666666666667,0.5388127853881279,0.0,1.0,0.0,0
195940,HK이노엔,0.4016446402422833,0.074179084780553,0.2980769230769231,0.0655737704918032,0.3454063604240283,0.0632277274670245,0.0,0.0,0.1829333333333333,0.0,0.0,0.0,0.0,0.0825714285714286,0.0,0.0,0.0,1.0,0.867,0.8133333333333334,0.0,0.6666666666666667,0.7488584474885844,0.0,1.0,0.0,0
196170,알테오젠,0.7561968939700687,0.162905365719074,0.3180692849601916,0.1400730816077953,0.4,1.0,0.9679152121210906,0.0,0.2243333333333333,0.2,0.272090662,1.0,0.0,0.6942857142857143,0.2702559249824601,0.0,0.2033219844495098,1.0,0.0,0.3666666666666667,0.0,0.6666666666666667,0.3287671232876712,0.0,1.0,0.0,0
196300,HLB펩,0.5445488614309654,1.0,0.1910714380747973,0.1122194415319882,0.5249999919504742,0.6012212515128185,0.5941126802743504,0.0,0.3108333333333333,0.2,0.0,1.0,0.0,0.0711428571428571,0.531184388964479,0.4365114093475117,0.5289688559203529,1.0,0.0,0.5,0.0,0.6666666666666667,0.2922374429223744,0.0,1.0,0.0,1
199730,바이오인프라,0.0,0.0,0.25,0.0,0.0,0.0,0.1811792307669356,0.0,0.2732333333333333,0.0,0.0,0.6666666666666666,0.0,0.2157142857142856,0.2253305586015397,0.3734582538191935,0.4956417407456825,1.0,0.4345,0.92,0.0,0.6666666666666667,0.20547945205479456,0.0,1.0,0.0,0
199800,툴젠,0.7326078372163844,0.1573064819495488,0.1455331412103746,0.1694402420574886,0.3940397350993377,1.0,0.7189757447356282,0.0,0.0234666666666666,0.2,0.096204315,1.0,0.0,0.8774285714285714,1.0,0.0760006742109267,0.3741507351054375,1.0,0.0,0.8333333333333334,0.0,0.6666666666666667,0.28767123287671237,0.0,1.0,0.0,1
200670,휴메딕스,0.5583722488621897,0.1379948699738587,0.4223300970873787,0.0421686746987951,0.0,0.2465826929179936,0.2647669119845253,0.0,0.2109333333333333,0.0,0.0,1.0,0.0,0.3274285714285714,0.0,0.0,0.214571121031153,1.0,0.6405,0.3733333333333333,0.0,0.6666666666666667,0.5068493150684932,0.0,1.0,0.0,1
200780,비씨월드제약,0.7244775940874657,1.0,0.3737113330298309,0.1046255568953121,0.4722741465131295,0.0,0.0,0.0,0.4422,0.0,0.0,0.0,0.0,0.4085714285714285,0.0692252625891365,0.0496746318179477,0.2458095204903863,1.0,0.947,0.3666666666666667,0.0,0.6666666666666667,0.863013698630137,0.0,1.0,0.0,0
203400,에이비온,0.4833496682294856,0.5708914205033708,0.1608669133925462,0.1559140157856553,0.5437288010286968,1.0,0.9462289388388284,0.0,0.1996333333333333,0.2,0.06082096,1.0,0.0,0.4922857142857142,0.8004644838984358,0.4105076360013049,0.5390661631046623,1.0,0.0,0.82,0.0,0.6666666666666667,0.004566210045662156,0.0,1.0,0.0,1
206640,바디텍메드,0.4343928420786586,0.2250602008464311,0.2816390041493776,0.0730593607305936,0.4474393530997305,0.1826582229985911,0.1090980176455452,0.0,0.0424333333333333,0.0,0.014180247,1.0,0.0,0.392,0.0,0.0,0.2361690110889492,1.0,0.3785,0.3733333333333333,0.0,0.6666666666666667,0.3378995433789954,0.0,1.0,0.0,0
206650,유바이오로직스,0.6261606265780064,0.0834624459136983,0.1162551440329218,0.1523809523809524,0.7636122177954847,0.5206927291794069,0.3553766747993312,0.0,0.1141333333333333,0.2,0.10933564,1.0,0.0,0.7834285714285715,0.1279838584744208,0.0,0.2634361048887784,1.0,0.0,0.5133333333333333,0.0,0.6666666666666667,0.2557077625570776,0.0,1.0,0.0,0
207940,삼성바이오로직스,0.3051522413780463,0.1116936624937676,0.2555418928209953,0.0882352562488423,0.1068730861318495,0.8728842108195678,0.6914190139980617,0.0,0.2818666666666666,0.0,1.0,0.0,0.0,0.0,0.0,0.0,0.0,1.0,0.9235,0.5,0.0,0.6666666666666667,0.8949771689497716,0.0,1.0,0.0,0
214370,케어젠,0.8877677004235397,0.1146884755777353,0.32125,0.1487889273356401,0.1425891181988743,0.8717316325870452,0.6740184821698931,0.0,0.0279333333333333,0.0,0.0,0.0,0.0,0.9,0.0802682831419536,0.0,0.2102180613545782,1.0,0.545,0.4333333333333333,0.0,0.6666666666666667,0.5981735159817352,0.0,1.0,0.0,0
214390,경보제약,1.0,0.363870625088959,0.6880863039399625,0.1792035398230088,0.0867579908675799,0.0580046465852285,0.1879560889918343,0.0,0.2246333333333333,0.0,0.0,0.0,0.0,0.0,0.0,0.0,0.2062679234899557,1.0,0.9215,0.4066666666666666,0.0,0.6666666666666667,0.7351598173515982,0.0,1.0,0.0,0
214450,파마리서치,0.4733916072124157,0.0759928883311109,0.3305647840531561,0.0396600566572237,0.2896341463414634,0.3869562271298443,0.2764644361758177,0.0,0.1032333333333333,0.0,0.0,0.6666666666666666,0.0,0.4297142857142857,0.0,0.0,0.1068406541260387,1.0,0.7765,0.4133333333333333,0.0,0.6666666666666667,0.6712328767123288,0.0,1.0,0.0,1
215380,우정바이오,0.5912244119746617,0.8076431781538916,0.1794964028776978,0.1284671532846715,0.5497737556561086,0.0173010656729782,0.1903503246810182,0.0,0.7321666666666666,0.2,0.921729552,0.3333333333333333,0.0,0.3068571428571429,0.164330936324121,0.2634877269145708,0.3407682862061728,1.0,0.9345,0.4,0.0,0.6666666666666667,0.8356164383561644,0.0,1.0,0.0,0
215600,신라젠,0.5279312248880119,0.1401697875757431,0.0380165289256198,0.3064676616915422,0.5193103448275862,1.0,0.9235898450125212,0.0,0.1034666666666666,0.2,0.0,0.6666666666666666,0.0,0.9765714285714284,0.6499354246886098,0.0513528346972931,0.3284286798004642,1.0,1.0,0.5,0.0,1.0,0.954337899543379,0.0,1.0,0.0,0
217330,싸이토젠,0.3224058451901306,0.1292754853972534,0.1347980997624703,0.1184573002754821,0.2322274881516587,1.0,1.0,0.7338,1.0,0.2,0.111884332,0.6666666666666666,0.0,0.0,1.0,0.623736966317793,0.4616294487149659,1.0,0.0,0.6333333333333333,0.0,0.6666666666666667,0.3105022831050228,0.0,1.0,0.0,1
217730,강스템바이오텍,0.4592732465344954,0.1768290820699004,0.2561188723570561,0.1035598811468953,0.3156028366438208,0.7864467763956136,0.5785421099007669,0.0,0.2250333333333333,0.2,0.02366982,0.6666666666666666,0.0,0.8631428571428572,0.3938985688700418,0.1532691035351421,0.3645698857367646,1.0,0.0,0.4399999999999999,0.0,0.6666666666666667,0.14155251141552516,0.0,1.0,0.0,0
220100,퓨쳐켐,0.4815047085277022,0.3150370972953892,0.2771307929995584,0.1125,0.2838608451639008,0.8310724740841399,0.4090823868382766,0.0,0.0876,0.2,1.0,0.3333333333333333,0.0,1.0,0.4502697637113826,0.0770314655673791,0.3506655939737158,1.0,0.0,0.5,0.0,0.6666666666666667,0.26940639269406397,0.0,1.0,0.0,1
222110,팬젠,0.4223839954224057,0.1470715582349118,0.2750403877221324,0.0839041095890411,0.3107104984093319,0.7650713056869269,0.6011783005458877,0.0,0.0668666666666666,0.2,0.0033675,0.6666666666666666,0.0,0.0,0.5935213421450412,0.3819900708448829,0.561527435150402,1.0,0.0,0.4533333333333333,0.0,0.6666666666666667,0.1278538812785388,0.0,1.0,0.0,0
226950,올릭스,0.4240667653306294,0.1741333913565614,0.2651898734177215,0.075,0.5060679611650486,1.0,0.6743912379044247,0.0,0.3360666666666666,0.2,1.0,0.6666666666666666,0.0,0.94,0.5152845034460904,0.0905329373976862,0.2924293002326094,1.0,0.0,0.6066666666666667,0.0,0.6666666666666667,0.19634703196347036,0.0,1.0,0.0,0
229000,젠큐릭스,1.0,0.5898387309407281,0.3257071573386065,0.0894737261489532,0.6134078309636437,1.0,1.0,0.0,1.0,0.2,0.0,1.0,0.0,0.8842857142857142,0.7959235207046902,0.5943709805521644,0.4763352979993988,1.0,0.0,0.74,0.0,0.6666666666666667,0.2191780821917808,0.0,1.0,0.0,1
234080,JW생명과학,0.2912840092472215,0.1770101130279595,0.2737068965517241,0.0470588235294117,0.2084690553745928,0.0,0.1082542842507591,0.0,0.2674666666666666,0.0,0.0,0.0,0.0,0.1797142857142857,0.0,0.0,0.1989929496986828,1.0,0.848,0.4933333333333334,0.0,0.6666666666666667,0.634703196347032,0.0,1.0,0.0,0
234690,녹십자웰빙,1.0,0.3087579641289473,0.3560382916053019,0.0746666666666666,0.1891625615763547,0.0840540464056745,0.1542959641653827,0.0,0.1874666666666666,0.0,0.0,0.0,0.0,0.0,0.0,0.0084931165851198,0.2744017534046818,1.0,0.77,0.6933333333333334,0.0,0.6666666666666667,0.5296803652968036,0.0,1.0,0.0,0
235980,메드팩토,0.6835221304377939,0.0922741433440313,0.2154811762536043,0.117063472071575,0.6428571271210207,1.0,1.0,0.0,0.7772,0.2,0.340130141,0.3333333333333333,0.0,0.6857142857142857,1.0,0.2452468721124097,0.3226119940773854,1.0,1.0,0.7066666666666667,0.0,0.6666666666666667,0.0547945205479452,0.0,1.0,0.0,1
237690,에스티팜,0.4945181423941086,0.2738401346487752,0.2593023255813953,0.0407040704070407,0.3937716262975778,0.5833356924128517,0.6206782007668469,0.0,0.2266333333333333,0.0,0.0,0.0,0.0,0.9,0.0,0.0,0.0812094848422019,1.0,0.4724999999999999,0.4733333333333333,0.0,0.6666666666666667,0.4429223744292238,0.0,1.0,0.0,0
243070,휴온스,0.4004454011860331,0.0992363248131633,0.2164,0.0672,0.4364674945564107,0.0,0.0680896638701866,0.0,0.2184333333333333,0.0,0.0,0.0,0.0,0.148,0.0,0.0,0.1084939387030731,1.0,0.6295,0.4666666666666667,0.0,0.6666666666666667,0.319634703196347,0.0,1.0,0.0,0
244460,올리패스,0.714156163530125,0.5301908574106025,0.3447265625,0.0774647887323943,0.3472668810289389,0.7845710891851404,0.4253809615813461,0.5734,0.5007333333333334,0.2,0.299998947,0.3333333333333333,0.0,0.0,0.8195113769147868,0.4902014764200846,0.5343582074933035,1.0,0.0,0.6866666666666666,0.0,0.6666666666666667,0.013698630136986356,0.0,1.0,0.0,1
246710,티앤알바이오팹,0.5412411958982732,0.1055355838596594,0.1740740447343132,0.2289562440065487,0.6058519773358366,1.0,0.654796265663425,0.0,0.3113666666666667,0.2,0.058735176,1.0,0.0,0.9685714285714284,0.6199906837192399,0.2030085761717162,0.3731805551741853,1.0,0.0,0.6333333333333333,0.0,0.6666666666666667,0.406392694063927,0.0,1.0,0.0,1
249420,일동제약,1.0,0.2845821700523812,0.2491258741258741,0.3739035087719298,0.6218543046357616,0.1011442199988944,0.5717596646205596,0.0,0.7975666666666666,0.2,0.0,0.3333333333333333,0.0,0.4442857142857142,0.0,0.0,0.0610739412284727,1.0,0.1384999999999999,0.4866666666666667,0.0,0.6666666666666667,0.15068493150684936,0.0,1.0,0.0,1
251120,바이오에프디엔씨,0.4655853265613663,0.380052063247204,0.2620481927710843,0.0793201133144475,0.3992932862190813,0.6507044386555987,0.3717857347965341,0.0,0.0381333333333333,0.0,1.0,0.0,0.0,0.2754285714285714,0.3999124590024268,0.1379547570310197,0.4096281545736063,1.0,0.5429999999999999,0.8466666666666667,0.0,0.6666666666666667,0.6164383561643836,0.0,1.0,0.0,1
253840,수젠텍,1.0,0.5500224237494203,0.3107734806629834,0.2268774703557312,0.5557986870897156,0.1251280686542411,0.0365192752885379,0.0,0.0776,0.0,0.0850063,1.0,0.0,1.0,0.0,0.0,0.2537364875704236,1.0,0.746,0.6666666666666667,0.0,0.6666666666666667,0.547945205479452,0.0,1.0,0.0,0
260660,알리코제약,0.3907005540060732,0.774190818565455,0.3587360594795539,0.0534682080924855,0.2117930204572803,0.0,0.0387304682667964,0.0,0.2446666666666667,0.0,0.0,0.0,0.0,0.3128571428571429,0.0,0.0264152349686437,0.2712631136380299,1.0,0.8055,0.58,0.0,0.6666666666666667,0.4657534246575342,0.0,1.0,0.0,0
261780,아리바이오LAB,0.517481593749,0.762254500103202,0.23681640625,0.0919854280510018,0.5721030042918455,1.0,0.5131889471972935,0.0,0.2767666666666666,0.2,0.0,1.0,0.0,0.3014285714285714,1.0,0.2383505253596594,0.4047268891618311,1.0,0.0,0.8266666666666667,0.0,0.6666666666666667,0.36986301369863017,0.0,1.0,0.0,0
263050,유틸렉스,0.5638786588507738,0.076023518184226,0.2054183813443072,0.1558784676354029,0.6242488829470414,1.0,0.3784862211203534,0.0,0.0516333333333333,0.2,1.0,0.6666666666666666,0.0,0.8525714285714285,1.0,0.0283770924867141,0.3270131194012892,1.0,0.0,0.6399999999999999,0.0,0.6666666666666667,0.06849315068493156,0.0,1.0,0.0,1
271980,제일약품,0.5973020675558748,0.4687295703387583,0.3382352941176471,0.0717592592592592,0.4444444444444444,0.0,0.2442983216978643,0.0,0.636,0.2,0.0,0.0,0.0,0.0,0.0,0.0,0.1133956280014416,1.0,0.715,0.54,0.0,0.6666666666666667,0.2648401826484018,0.0,1.0,0.0,0
278650,HLB바이오스텝,0.7796970728556025,0.4616516941249135,0.2201718907987866,0.2314049586776859,0.8744939271255061,0.4511412654494123,0.6423555780560143,0.0,0.4742333333333333,0.0,0.094275015,1.0,0.0,0.946,0.0320524232421055,0.076591637482549,0.2546668501156434,1.0,0.9435,0.7,0.0,0.6666666666666667,0.8447488584474886,0.0,1.0,0.0,1
287840,인투셀,0.0,0.0,0.25,0.0,0.0,,,0.0,0.0386666666666666,0.2,0.00507965,1.0,0.0,0.82,1.0,0.2622890797075499,0.492306190525961,1.0,1.0,0.9933333333333332,0.0,0.6666666666666667,0.091324200913242,0.0,1.0,0.0,1
290650,엘앤씨바이오,0.6836285835798063,0.1013937740886894,0.2414893617021276,0.1167315175097276,0.4683544303797468,0.6964603895707246,0.6449342897719174,0.0,0.3127666666666666,0.0,0.0,0.3333333333333333,0.0,0.7262857142857143,0.1396207175841928,0.0044932857645845,0.2331890721209143,1.0,0.791,0.6266666666666667,0.0,0.6666666666666667,0.7534246575342466,0.0,1.0,0.0,0
291650,압타머사이언스,0.8582096276838432,0.7633959963868577,0.2758413461538461,0.1029106029106029,0.5028409090909091,1.0,0.8169985111024461,0.0,0.1873333333333333,0.2,0.0287066,0.6666666666666666,0.0,0.7208571428571429,1.0,0.2671388092019331,0.4468678303731531,1.0,0.0,0.7533333333333333,0.0,0.6666666666666667,0.1917808219178082,0.0,1.0,0.0,0
293480,하나제약,0.8690973606657195,0.5354953421841706,0.3523102310231023,0.0888888888888888,0.1350710900473933,0.1186989743957893,0.0599600916637445,0.0,0.0963333333333333,0.0,0.0,0.3333333333333333,0.0,0.0,0.0,0.0,0.1536561305947769,1.0,0.8875,0.62,0.0,0.6666666666666667,0.7168949771689498,0.0,1.0,0.0,0
293780,압타바이오,0.6055760668942495,0.2652087465132288,0.1330935251798561,0.2419928825622775,0.7189973614775725,1.0,0.6272662974053748,0.0,0.0238333333333333,0.2,0.05892,0.3333333333333333,0.0,0.5214285714285714,1.0,0.1404607823226378,0.4169769482489484,1.0,0.0,0.6666666666666667,0.0,0.6666666666666667,0.228310502283105,0.0,1.0,0.0,0
298060,풍전약품,1.0,0.3303943280962808,0.8547401126829266,0.1803444992390796,0.2916666235444974,1.0,1.0,0.0,0.1157333333333333,0.2,0.06743772,0.6666666666666666,0.0,0.0,1.0,0.3053198260966443,0.4937411730401505,1.0,0.0,0.74,0.0,0.6666666666666667,0.05936073059360736,0.0,1.0,0.0,1
298380,에이비엘바이오,0.5979463490375949,0.1999384089061079,0.3278894472361809,0.1454183266932271,0.3040847201210287,0.8632043655660913,1.0,0.0,0.5546666666666666,0.0,0.575250934,1.0,0.0,0.728,0.0859898885619356,0.0789661006770297,0.2441348411042495,1.0,0.0,0.6399999999999999,0.0,0.6666666666666667,0.0639269406392694,0.0,1.0,0.0,1
299660,셀리드,0.4830243174661713,0.118531241897848,0.1206624429899213,0.2087542361301673,0.7640562195803309,1.0,0.9609576626084304,0.0,0.3479,0.2,0.0,1.0,0.0,1.0,1.0,0.3244993272139513,0.4461968866408613,1.0,0.0,0.6466666666666667,0.0,0.6666666666666667,0.1461187214611872,0.0,1.0,0.0,1
302440,SK바이오사이언스,0.5690342479536041,0.2642986965918647,0.21875,0.1760089686098654,0.7094861660079052,0.7454634939517899,0.441990985684299,0.0,0.0766,0.0,0.261794559,1.0,0.0,0.0,0.0,0.0,0.0,1.0,0.3655,0.7866666666666666,0.0,0.6666666666666667,0.5844748858447488,0.0,1.0,0.0,0
303810,동국생명과학,0.0,0.0,0.25,0.0,0.0,,,0.0,0.5082333333333333,0.0,0.0,0.3333333333333333,0.0,0.0,0.0,0.0931117154484733,0.2613358417732362,1.0,0.9525,0.9933333333333332,0.0,0.6666666666666667,0.8401826484018264,0.0,1.0,0.0,1
304360,에스바이오메딕스,0.0,0.0,0.25,0.0,0.0,0.8340449997819135,1.0,1.0,1.0,0.2,0.0900025,1.0,0.0,0.7245714285714285,0.4583803782099718,1.0,0.5377871639151686,1.0,0.0,0.9266666666666666,0.0,0.6666666666666667,0.0730593607305936,0.0,1.0,0.0,0
304840,피플바이오,1.0,0.7799639663080656,0.4273504362756325,0.1015037789682024,0.0335366280155959,1.0,1.0,0.6186,1.0,0.2,0.103598918,0.3333333333333333,0.0,0.9,0.6760722474526988,0.6947197190080558,0.4578328572624978,1.0,0.0,0.76,0.0,0.6666666666666667,0.3013698630136986,0.0,1.0,0.0,1
305090,마이크로디지탈,0.383588098207538,0.4000536274617139,0.1860759493670886,0.140485312899106,0.6765258215962441,0.5747018037958449,0.9031364585980416,0.5374,1.0,0.2,0.0767754,0.6666666666666666,0.0,0.6662857142857144,0.5257030872699913,0.6323364098595352,0.5155221062347977,1.0,0.0,0.6666666666666667,0.0,0.6666666666666667,0.3561643835616438,0.0,1.0,0.0,1
307280,원바이오젠,0.3439649909009513,0.2555569061221182,0.344306049822064,0.0842696629213483,0.2047619047619047,0.2337283184413648,0.2919055263742363,0.0,0.1502,0.0,0.0,0.3333333333333333,0.0,0.5042857142857142,0.2863566011667959,0.2853878366863771,0.4698956192009825,1.0,0.908,0.6333333333333333,0.0,0.6666666666666667,0.7442922374429224,0.0,1.0,0.0,0
308080,바이젠셀,0.434633249108424,0.9553216891793124,0.25070323488045,0.1263803680981595,0.6135685210312076,1.0,0.1791010636628917,0.0,0.0361666666666666,0.2,0.00784625,1.0,0.0,0.5162857142857142,1.0,0.0237425015532322,0.3342433413777866,1.0,1.0,0.8133333333333334,0.0,0.6666666666666667,0.2009132420091324,0.0,1.0,0.0,0
308430,셀비온,0.0,0.0,0.25,0.0,0.0,1.0,1.0,0.8714,0.8884,0.2,0.00193232,1.0,0.0,0.3388571428571428,0.876888167665153,0.7812489686924282,0.6661329195194288,1.0,0.0,0.9933333333333332,0.0,0.6666666666666667,0.05022831050228316,0.0,1.0,0.0,0
309710,아이티켐,0.0,0.0,0.25,0.0,0.0,,,0.0,1.0,0.0,0.0,0.0,0.0,0.0,0.1735937502089637,1.0,0.3763168168387416,1.0,0.9145,0.9933333333333332,0.0,1.0,0.954337899543379,0.0,1.0,0.0,1
310210,보로노이,1.0,0.2776748456961146,0.4412955485093057,0.1227545076595258,0.2885416775134066,1.0,0.9929404742197154,0.0,0.2889,0.2,1.0,1.0,0.0,0.2982857142857142,0.5051010237717612,0.2326179350773731,0.398053079925555,1.0,0.0,0.8733333333333333,0.0,0.6666666666666667,0.136986301369863,0.0,1.0,0.0,0
311690,CJ 바이오사이언스,0.5470296842566876,1.0,0.2982041814731984,0.0641248206915383,0.4727272528477523,1.0,0.7019172322231628,0.0,0.2801666666666667,0.2,0.005,0.6666666666666666,0.0,0.0,0.6949542219608338,0.1520167070931002,0.3463684399262217,1.0,0.0,0.7066666666666667,0.0,0.6666666666666667,0.10502283105022836,0.0,1.0,0.0,1
314130,지놈앤컴퍼니,0.3943880800572928,0.2997059944671102,0.263235294117647,0.0673854447439353,0.5548469387755102,1.0,0.6880376966314815,0.0,0.0769333333333333,0.2,1.0,1.0,0.0,0.9311428571428572,0.425627614924398,0.0059525078361124,0.2539874137347931,1.0,0.0,0.7733333333333333,0.0,0.6666666666666667,0.09589041095890416,0.0,1.0,0.0,0
314140,알피바이오,0.7122518714727419,0.3145970923881031,0.1314589665653495,0.1605351170568562,0.314207650273224,0.0,0.0645860322934682,0.0,0.3,0.0,1.0,0.0,0.0,0.0,0.0,0.0201535838029176,0.2538525482273309,1.0,1.0,0.8866666666666667,0.0,1.0,0.954337899543379,0.0,1.0,0.0,0
317450,명인제약,0.0,0.0,0.25,0.0,0.0,,,0.0,0.0,0.0,0.0,0.3333333333333333,0.0,0.0,1.0,1.0,0.8996566681120063,1.0,1.0,0.9933333333333332,0.0,1.0,0.954337899543379,0.0,1.0,0.0,1
321550,티움바이오,0.8256286449596417,0.4069255512299448,0.2290874524714828,0.1350364963503649,0.3538461538461538,1.0,0.6363958646078604,0.0,0.1855333333333333,0.2,0.07114657,1.0,0.0,0.5094285714285713,0.5200604513812772,0.1072003392360603,0.3388532369738986,1.0,0.0,0.7,0.0,0.6666666666666667,0.0821917808219178,0.0,1.0,0.0,0
323990,박셀바이오,0.456114097819318,0.0581147974620322,0.1609506581746486,0.1397985227912367,0.6464803382629356,1.0,1.0,0.0,0.0119333333333333,0.2,0.0,0.3333333333333333,0.0,1.0,1.0,0.3160680657774479,0.5389494440876685,1.0,1.0,0.7533333333333333,0.0,0.6666666666666667,0.273972602739726,0.0,1.0,0.0,0
326030,에스케이바이오팜,0.3410230792983877,0.1127209005158984,0.4007220216606498,0.0837628865979381,0.2650356778797146,0.9210613502379982,1.0,0.0,0.3661,0.2,0.0,0.0,0.0,0.0,0.0,0.0,0.0592247433693327,1.0,0.0,0.74,0.0,0.6666666666666667,0.13242009132420096,0.0,1.0,0.0,0
330350,위더스제약,1.0,0.9992404570798264,0.4696620583717358,0.1258536585365853,0.369023569023569,0.1905940075757525,0.1471278429712643,0.0,0.1459666666666666,0.0,0.003753699,0.3333333333333333,0.0,0.0,0.094613732998706,0.040366388233644,0.3076715329519436,1.0,0.8180000000000001,0.74,0.0,0.6666666666666667,0.6484018264840183,0.0,1.0,0.0,0
331920,셀레믹스,0.4511036305157746,0.3447326966013396,0.1561624649859944,0.1569767441860465,0.6282051282051282,0.5507730463157052,0.4126028075948809,0.0,0.0649666666666666,0.2,0.0,0.0,0.0,0.9791428571428572,0.5295192456018354,0.3653692367191095,0.5511411677967668,1.0,0.0,0.7466666666666667,0.0,0.6666666666666667,0.24200913242009137,0.0,1.0,0.0,0
334970,프레스티지바이오로직스,0.5890997517220514,0.3393667867087109,0.1614441416893733,0.2503242542153048,0.6893004115226338,1.0,0.2553142274902397,0.0,0.3981,0.2,1.0,0.6666666666666666,0.0,0.9,1.0,0.0,0.1960823120602803,1.0,0.0,0.7866666666666666,0.0,0.6666666666666667,0.2100456621004566,0.0,1.0,0.0,1
335810,프리시젼바이오,0.2178900912317199,0.8773711447917731,0.2305510534846029,0.0876923076923077,0.4705357142857143,0.3569054536638541,0.2675248098380609,0.0,0.2560333333333333,0.2,0.124293,0.6666666666666666,0.0,0.083142857142857,0.3445682238232219,0.238288703272639,0.409692593022689,1.0,0.362,0.7733333333333333,0.0,0.6666666666666667,0.4474885844748858,0.0,1.0,0.0,0
338840,와이바이오로직스,0.0,0.0,0.25,0.0,0.0,0.9765191989795596,0.8255141483593246,0.0,0.4617666666666666,0.2,0.7699521,1.0,0.0,0.5971428571428571,0.6909467622145096,0.4551681170433452,0.5109322666148117,1.0,0.0,0.9666666666666668,0.0,0.6666666666666667,0.03196347031963476,0.0,1.0,0.0,1
344860,이노진,0.8873924162460795,0.6957233815910522,0.0750414593698175,0.1083870967741935,0.5692307692307692,0.4545844006707881,0.6831525923906255,0.0,0.0595666666666666,0.0,0.0,0.3333333333333333,0.0,0.9,0.5195414726315892,0.5855282287401007,0.6998870909820625,1.0,0.821,0.9133333333333332,0.0,0.6666666666666667,0.4885844748858448,0.0,1.0,0.0,0
347850,디앤디파마텍,0.0,0.0,0.25,0.0,0.0,1.0,1.0,0.0,1.0,0.2,0.0147,0.6666666666666666,0.0,0.4517142857142857,1.0,0.5125088803987694,0.3428437818208601,1.0,0.0,0.9933333333333332,0.0,0.6666666666666667,0.022831050228310557,0.0,1.0,0.0,0
348080,큐라티스,0.0,0.0,0.25,0.0,0.0,0.6492283375338561,1.0,1.0,1.0,0.2,0.005,1.0,0.0,0.4791428571428572,0.5617705848724937,1.0,0.3959219163815888,1.0,0.0,0.9333333333333332,0.0,0.6666666666666667,0.18721461187214616,0.0,1.0,0.0,1
348150,고바이오랩,0.3947948723183867,0.2511768651943068,0.2433035714285714,0.0979591836734693,0.4977272727272727,0.857695282546714,0.3769072910467807,0.0,0.1227666666666666,0.2,1.0,1.0,0.0,0.4571428571428572,0.4676666373102218,0.0558453565861905,0.3022745941790982,1.0,0.0,0.7666666666666666,0.0,0.6666666666666667,0.21461187214611877,0.0,1.0,0.0,0
352770,셀레스트라,0.5151862714905086,0.5676678730729494,0.2455089695267189,0.2137766941241821,0.4984848668349268,0.0,0.0,0.0,0.2764666666666666,0.2,0.322265994,0.6666666666666666,0.0,0.8517142857142856,0.3183524420614914,0.1381155699880771,0.3375876808092771,1.0,0.3195,0.7666666666666666,0.0,0.6666666666666667,0.5342465753424658,0.0,1.0,0.0,0
357550,석경에이티,0.2845094762000878,0.1567846405008046,0.2564935064935065,0.1067961165048543,0.1333333333333333,0.6856391989315536,0.5368122880778357,0.0,0.0401,0.0,0.0,0.3333333333333333,0.0,0.2688571428571428,0.4542411500367072,0.2635251530123383,0.492574354765947,1.0,0.6,0.7733333333333333,0.0,0.6666666666666667,0.5525114155251142,0.0,1.0,0.0,0
358570,지아이이노베이션,0.0,0.0,0.25,0.0,0.0,1.0,0.5961960391902658,0.0,0.0372333333333333,0.2,0.04063145,1.0,0.0,0.9,0.7279659778248622,0.0096661161740305,0.3244417284971028,1.0,0.143,0.92,0.0,0.6666666666666667,0.8493150684931507,0.0,1.0,0.0,0
365270,큐라클,0.4853118664022272,0.2101856304400323,0.1882239382239382,0.0846774193548387,0.5749063670411985,1.0,0.619535232831112,0.0,0.0685,0.2,0.07355576,1.0,0.0,0.9968571428571428,0.722885143189651,0.1678166436582184,0.4181588393469487,1.0,1.0,0.8066666666666666,0.0,0.6666666666666667,0.954337899543379,1.0,1.0,0.0,0
372320,큐로셀,0.0,0.0,0.25,0.0,0.0,1.0,1.0,1.0,1.0,0.2,0.005414306,1.0,0.0,0.3651428571428572,1.0,1.0,0.3518592911043287,1.0,1.0,0.96,0.0,0.6666666666666667,0.07762557077625576,0.0,1.0,0.0,1
373110,엑셀세라퓨틱스,0.0,0.0,0.25,0.0,0.0,1.0,0.6586876144074258,0.0,0.2760666666666666,0.2,0.00166638,1.0,0.0,0.8634285714285714,0.9956925418824678,0.5357130172112008,0.6031378090933603,1.0,0.0,0.9933333333333332,0.0,0.6666666666666667,0.1552511415525114,0.0,1.0,0.0,1
376270,HEM파마,0.0,0.0,0.25,0.0,0.0,1.0,0.6468220554352986,0.0,0.2405,0.2,1.0,1.0,0.0,0.6957142857142857,0.7177893580246364,0.346951070850892,0.4859956877712967,1.0,0.0,0.9933333333333332,0.0,0.6666666666666667,0.1187214611872146,0.0,1.0,0.0,0
376900,로킷헬스케어,0.0,0.0,0.25,0.0,0.0,,,1.0,1.0,0.2,0.0346755,1.0,0.0,0.647142857142857,0.5192685340329621,1.0,0.6161082050261903,1.0,0.0,0.9933333333333332,0.0,0.6666666666666667,0.1004566210045662,0.0,1.0,0.0,1
377740,바이오노트,0.1545298499968236,0.2404479776270744,0.1528169014084507,0.1943661971830985,0.1943661971830985,0.1745948348876925,0.0,0.0,0.0326666666666666,0.0,1.0,0.3333333333333333,0.0,0.0,0.0,0.0,0.0,1.0,0.8320000000000001,0.9066666666666668,0.0,0.6666666666666667,0.771689497716895,0.0,1.0,0.0,0
378800,샤페론,1.0,0.3120110735209417,0.1613557358053302,0.1004070556309362,0.2357373519913886,1.0,0.7345327421608553,0.0,0.0668333333333333,0.2,1.0,1.0,0.0,0.9162857142857144,0.8494850021680094,0.2667161343192603,0.4846863677216237,1.0,0.0,0.8933333333333333,0.0,0.6666666666666667,0.08675799086757996,0.0,1.0,0.0,1
382150,온코크로스,0.0,0.0,0.25,0.0,0.0,1.0,1.0,0.0,0.2630666666666666,0.2,0.160001523,1.0,0.0,0.9388571428571428,1.0,0.6641774379246037,0.6919002809450305,1.0,0.0,0.9933333333333332,0.0,0.6666666666666667,0.0091324200913242,0.0,1.0,0.0,1
388610,지에프씨생명과학,0.9327990692060883,0.076551724137931,0.3464673622073666,0.0,0.0,0.2675662903823498,1.0,0.0,1.0,0.0,0.0,0.6666666666666666,0.0,0.4157142857142856,0.4057581310688594,1.0,0.5749916061994973,1.0,0.6205,0.9933333333333332,0.0,1.0,0.954337899543379,0.0,1.0,0.0,1
388870,파로스아이바이오,0.0,0.0,0.25,0.0,0.0,1.0,0.6326966857923098,0.0,0.0199333333333333,0.2,0.0,0.6666666666666666,0.0,0.9,1.0,0.3764399203938415,0.575887772768203,1.0,0.0,0.9466666666666668,0.0,0.6666666666666667,0.045662100456621,1.0,1.0,0.0,0
397030,에이프릴바이오,0.7471310500333459,0.1992725164724805,0.4436758893280632,0.078078078078078,0.2547770700636942,1.0,0.3988000488542466,0.0,0.0091666666666666,0.2,1.0,1.0,0.0,0.8745714285714286,1.0,0.0800671550980975,0.3827819214604945,1.0,0.0,0.88,0.0,0.6666666666666667,0.2465753424657534,0.0,1.0,0.0,0
420570,제이투케이바이오,0.0,0.0,0.25,0.0,0.0,0.3442954476846578,0.5766789713332434,0.0,0.2065333333333333,0.0,0.0,0.0,0.0,0.0,0.3975074464323871,0.4823379333263968,0.5847212591687203,1.0,0.726,0.9866666666666668,0.0,0.6666666666666667,0.410958904109589,0.0,1.0,0.0,0
424870,이뮨온시아,0.0,0.0,0.25,0.0,0.0,,,1.0,1.0,0.2,0.0,1.0,0.0,0.0,0.5558123060524034,1.0,0.4824728548244325,1.0,0.0,0.9933333333333332,0.0,0.6666666666666667,0.0365296803652968,0.0,1.0,0.0,1
432980,엠에프씨,0.0,0.0,0.25,0.0,0.0,0.6601580521775795,1.0,1.0,1.0,0.0,0.2000004,0.0,0.0,0.9,0.4575927811895779,1.0,0.5178511903214542,1.0,0.6890000000000001,0.9933333333333332,0.0,0.6666666666666667,0.589041095890411,0.0,1.0,0.0,1
456070,이엔셀,0.0,0.0,0.25,0.0,0.0,0.9533628522024544,1.0,1.0,1.0,0.2,1.0,0.6666666666666666,0.0,0.5528571428571429,0.5663440098802557,1.0,0.420548415816158,1.0,0.0,0.9933333333333332,0.0,0.6666666666666667,0.23287671232876717,0.0,1.0,0.0,0
456160,지투지바이오,0.0,0.0,0.25,0.0,0.0,,,0.0,1.0,0.0,0.523556647,0.6666666666666666,0.0,0.9474285714285714,1.0,1.0,0.5320356963135364,1.0,0.0,0.9933333333333332,0.0,1.0,0.954337899543379,0.0,1.0,0.0,0
464280,티디에스팜,0.0,0.0,0.25,0.0,0.0,0.2959672411761999,0.4953431118744725,0.0,0.2214,0.0,0.0,0.3333333333333333,0.0,0.0968571428571428,0.2959795044245616,0.3686741051580124,0.505382400453761,1.0,0.9065,0.9933333333333332,0.0,0.6666666666666667,0.6894977168949772,0.0,1.0,0.0,0
468530,프로티나,0.0,0.0,0.25,0.0,0.0,,,1.0,1.0,0.2,0.0,1.0,0.0,0.7765714285714286,1.0,1.0,0.6251561877217167,1.0,0.0,0.9933333333333332,0.0,0.6666666666666667,0.26027397260273977,0.0,1.0,0.0,1
475830,오름테라퓨틱,0.0,0.0,0.25,0.0,0.0,,,1.0,1.0,0.2,0.0,1.0,0.0,0.966,1.0,1.0,0.5573230738868464,1.0,0.0,0.9933333333333332,0.0,0.6666666666666667,0.0,0.0,1.0,0.0,1
476040,오가노이드사이언스,0.0,0.0,0.25,0.0,0.0,,,1.0,1.0,0.2,1.0,1.0,0.0,0.0202857142857143,1.0,1.0,0.4668524587689635,1.0,0.0,0.9933333333333332,0.0,0.6666666666666667,0.1735159817351598,0.0,1.0,0.0,1
476060,온코닉테라퓨틱스,0.0,0.0,0.25,0.0,0.0,1.0,1.0,1.0,1.0,0.2,1.0,0.6666666666666666,0.0,0.0,1.0,1.0,0.5033131602229315,1.0,0.0,0.9933333333333332,0.0,0.6666666666666667,0.0273972602739726,0.0,1.0,0.0,0
476830,알지노믹스,0.0,0.0,0.25,0.0,0.0,,,1.0,1.0,0.2,1.0,1.0,0.0,0.5791428571428572,1.0,1.0,0.4835137312905088,1.0,1.0,0.9933333333333332,0.0,0.6666666666666667,0.04109589041095896,0.0,1.0,0.0,0
950130,엑세스바이오,0.663919007517665,0.6847181046494933,0.2850877192982456,0.1408450704225352,0.4553571428571428,0.0,0.0,0.0,0.1398666666666666,0.0,0.000931,0.3333333333333333,0.0,0.9,0.0,0.0,0.0176071189680703,1.0,0.9645,0.2666666666666667,0.0,0.6666666666666667,0.8036529680365296,0.0,1.0,0.0,1
950160,코오롱티슈진,0.4481216504185392,0.0837673599686772,0.3049313358302122,0.2303030303030303,0.573621103117506,1.0,0.7718520637579172,0.0,0.0670333333333333,0.2,1.0,1.0,0.0,0.9,0.5121452807832148,0.0193161957622187,0.3196807458775653,1.0,0.0,0.56,0.0,0.6666666666666667,0.36073059360730597,0.0,1.0,0.0,0
950210,프레스티지바이오파마,0.4866304923522964,0.599113659876777,0.2002457002457002,0.1877777777777777,0.6517814726840855,1.0,0.0089678371584206,0.735,0.0541666666666666,0.2,0.0,0.6666666666666666,0.0,0.9,1.0,0.0,0.1003974177334097,1.0,1.0,0.78,0.0,1.0,0.954337899543379,0.0,1.0,0.0,1
950220,네오이뮨텍,0.5971685112580776,0.2047523575261992,0.2537831021437579,0.1496598639455782,0.6177033492822966,1.0,0.0343267252419277,0.0,0.0562,0.2,0.0402555,1.0,0.0,0.9,1.0,0.0,0.2847632319574705,1.0,1.0,0.7866666666666666,0.0,0.6666666666666667,0.954337899543379,1.0,1.0,0.0,1
